Id,Category
0,Anna Friel
1,Amy Ryan
2,Aaron Paul
3,Adriana Barraza
4,Albert Brooks
5,Ashton Kutcher
6,Al Pacino
7,Adele
8,Adele
9,Alex Pettyfer
10,Anna Faris
11,Anthony Perkins
12,Bill Hader
13,Barabara Palvin
14,Benjamin Bratt
15,Berenice Bejo
16,Alessandra Ambrosio
17,Alan Arkin
18,Akemi Darenogare
19,Anderson Cooper
20,Ashley Graham
21,Berenice Bejo
22,Alan Alda
23,Adele
24,Ashley Greene
25,Alan Rickman
26,Anjelica Huston
27,Andy Murray
28,Aaron Taylor-Johnson
29,Anne Bancroft
30,Angela Bassett
31,Ava Gardner
32,Amy Adams
33,Ava Gardner
34,Andrew Garfield
35,Andreea Diaconu
36,Bette Midler
37,Ben Stiller
38,Adam Sandler
39,Alessandra Ambrosio
40,Antonio Banderas
41,bella thorne
42,Bill Murray
43,Anne Baxter
44,Ali Larter
45,Amy Ryan
46,Barbra Streisand
47,Adriana Barraza
48,Alan Arkin
49,Alessandra Ambrosio
50,Aaron Paul
51,Anjelica Huston
52,Ben Stiller
53,Ashley Greene
54,Alec Baldwin
55,Anna Paquin
56,Adele
57,Andrew Lincoln
58,Bill O Reilly
59,Alec Baldwin
60,Anderson Cooper
61,Beyonce Knowles
62,Audrey Tautou
63,Akemi Darenogare
64,Andy Garcia
65,Aaron Judge
66,Andreea Diaconu
67,Anthony Perkins
68,Anna Friel
69,Ben Kingsley
70,Andrew Lincoln
71,Alec Baldwin
72,Analeigh Tipton
73,Adele
74,Anthony Perkins
75,Anthony Perkins
76,Anna Sui
77,Alessandra Ambrosio
78,Al Roker
79,Amanda Bynes
80,Al Pacino
81,Bella Hadid
82,Abigail Breslin
83,Anna Kendrick
84,Ashton Kutcher
85,Anjelica Huston
86,Akemi Darenogare
87,Adriana Lima
88,Amy Schumer
89,Anthony Mackie
90,Abigail Breslin
91,Benicio Del Toro
92,Amanda Seyfried
93,Bette Midler
94,Alicia Vikander
95,Alx James
96,Amanda Crew
97,Ben Kingsley
98,Aaron Paul
99,Amber Heard
100,Adriana Lima
101,Andrew Lincoln
102,Ashley Judd
103,Amanda Bynes
104,Benicio Del Toro
105,bella thorne
106,Anna Paquin
107,Anna Kendrick
108,Ashley Judd
109,Akemi Darenogare
110,Andy Garcia
111,Amy Schumer
112,Amy Schumer
113,Aaron Judge
114,Ben Kingsley
115,Andrew Garfield
116,Bill Rancic
117,Billy Bob Thornton
118,Anna Friel
119,Andrew Garfield
120,Anne Hathaway
121,Anne Hathaway
122,Aaron Paul
123,Alx James
124,Anthony Hopkins
125,Beyonce Knowles
126,Andrew Luck
127,Alice Eve
128,Berenice Bejo
129,Bill Pullman
130,Aaron Judge
131,Anne Hathaway
132,Anna Faris
133,Amber Heard
134,Arnold Schwarzenegger
135,Adriana Barraza
136,Amanda Peet
137,Albert Finney
138,Ashley Judd
139,Adriana Lima
140,Adele
141,Amber Heard
142,Bill Paxton
143,AnnaSophia Robb
144,Antonio Banderas
145,bella thorne
146,Billy Bob Thornton
147,Andy Samberg
148,Andrew Lincoln
149,Anthony Mackie
150,Bill Hader
151,Anthony Hopkins
152,Billy Bob Thornton
153,Angela Bassett
154,Ben Johnson
155,Antonio Banderas
156,Anderson Cooper
157,Bill Hader
158,Benicio Del Toro
159,Anna Friel
160,Ben Foster
161,Anne Baxter
162,Amanda Bynes
163,Ben Stiller
164,Akemi Darenogare
165,Bette Midler
166,Ben Stiller
167,Albert Finney
168,Aaron Judge
169,Bette Midler
170,Amanda Bynes
171,Adriana Barraza
172,Alexander Skarsgard
173,Albert Finney
174,Beyonce Knowles
175,Anne Baxter
176,Angelina Jolie
177,Amanda Seyfried
178,Amanda Crew
179,Barbra Streisand
180,Arnold Schwarzenegger
181,Ben Affleck
182,Andrew Lincoln
183,Analeigh Tipton
184,Alexandra Daddario
185,Alan Alda
186,Ben Kingsley
187,Anna Sui
188,Adriana Lima
189,Andrew Garfield
190,Berenice Bejo
191,Amanda Bynes
192,Anjelica Huston
193,Aaron Taylor-Johnson
194,Anna Friel
195,Al Roker
196,Annette Bening
197,Andy Serkis
198,Alan Alda
199,Barbra Streisand
200,Adriana Lima
201,Annette Bening
202,Andy Samberg
203,Alessandra Ambrosio
204,Ben Johnson
205,Andy Murray
206,Antonio Banderas
207,Andy Murray
208,Betty White
209,Akemi Darenogare
210,Benicio Del Toro
211,Billy Bob Thornton
212,Anna Faris
213,Amanda Bynes
214,Antonio Banderas
215,Andy Samberg
216,Ben Stiller
217,Anthony Mackie
218,Ben Stiller
219,Bill Pullman
220,Anna Faris
221,Abigail Breslin
222,Anthony Hopkins
223,Ashton Kutcher
224,Angelina Jolie
225,Benedict Cumberbatch
226,Anna Kendrick
227,Angelina Jolie
228,Anthony Perkins
229,Anna Paquin
230,Anderson Cooper
231,Antonio Banderas
232,Barbra Streisand
233,Anthony Mackie
234,Ashley Greene
235,Andy Samberg
236,Abigail Breslin
237,Adriana Lima
238,Aaron Taylor-Johnson
239,Adriana Lima
240,Aaron Taylor-Johnson
241,Anthony Hopkins
242,Anna Kendrick
243,Ashton Kutcher
244,Ben Kingsley
245,Alexandra Daddario
246,Bill Murray
247,Aaron Taylor-Johnson
248,Andrew Luck
249,Benicio Del Toro
250,Angela Bassett
251,Bill Pullman
252,Audrey Hepburn
253,Angelina Jolie
254,Adriana Barraza
255,Annette Bening
256,Abigail Breslin
257,Ashley Graham
258,Andreea Diaconu
259,Alice Eve
260,Alexandra Daddario
261,Ashley Judd
262,Amber Heard
263,Ava Gardner
264,Alessandra Ambrosio
265,Alessandra Ambrosio
266,Barabara Palvin
267,Bill O Reilly
268,Amy Adams
269,Benedict Cumberbatch
270,Anna Paquin
271,Anne Bancroft
272,Beyonce Knowles
273,Ali Larter
274,Alice Eve
275,Benicio Del Toro
276,Andrew Garfield
277,Al Roker
278,Benedict Cumberbatch
279,Anne Bancroft
280,Adriana Lima
281,Albert Finney
282,Ben Stiller
283,Bill Daley
284,Angela Bassett
285,Anderson Cooper
286,Andy Serkis
287,Andrew Lincoln
288,Anne Baxter
289,Betty White
290,Alexander Skarsgard
291,Bill Hader
292,bella thorne
293,Bill Daley
294,Audrey Hepburn
295,Andy Serkis
296,Amy Schumer
297,Ashton Kutcher
298,Alex Pettyfer
299,Andrew Lincoln
300,Albert Finney
301,Bill Pullman
302,Amanda Seyfried
303,Ben Stiller
304,Amy Adams
305,Al Roker
306,Analeigh Tipton
307,Andy Murray
308,Anna Faris
309,Ashton Kutcher
310,Aaron Judge
311,Andy Garcia
312,Aaron Paul
313,Alx James
314,Bill Pullman
315,Aaron Judge
316,Barabara Palvin
317,Antonio Banderas
318,Ashley Judd
319,Ashton Kutcher
320,Bill Rancic
321,Alicia Vikander
322,Adrien Brody
323,Adam Sandler
324,Anthony Mackie
325,bella thorne
326,Bette Midler
327,Barry Pepper
328,Andy Samberg
329,Ava Gardner
330,Anthony Hopkins
331,Alexis Thorpe
332,Al Roker
333,Armin Mueller-Stahl
334,Anna Friel
335,Anthony Perkins
336,Audrey Tautou
337,Anthony Mackie
338,Adrianne Palicki
339,Alexander Skarsgard
340,Andrew Lincoln
341,Adele
342,Alx James
343,Amanda Bynes
344,Andy Serkis
345,Anna Friel
346,Aaron Judge
347,Ben Affleck
348,Anderson Cooper
349,Benjamin Bratt
350,Abigail Breslin
351,Andrew Luck
352,Ashley Judd
353,Aaron Judge
354,Benjamin Bratt
355,Andrew Garfield
356,Barabara Palvin
357,Annette Bening
358,Barabara Palvin
359,Amanda Peet
360,Abigail Breslin
361,Anthony Perkins
362,Bette Midler
363,Amy Schumer
364,Angelina Jolie
365,Al Pacino
366,Andy Samberg
367,Angela Bassett
368,Adriana Lima
369,Albert Brooks
370,Berenice Bejo
371,Andrew Garfield
372,Ben Kingsley
373,Andy Garcia
374,Alan Alda
375,Albert Brooks
376,Alec Baldwin
377,Ashley Graham
378,Andy Garcia
379,Andrew Lincoln
380,Audrey Tautou
381,Ashley Graham
382,Alex Pettyfer
383,Antonio Banderas
384,Ben Stiller
385,Arnold Schwarzenegger
386,Ashton Kutcher
387,Ben Stiller
388,Al Roker
389,Anna Paquin
390,Alan Arkin
391,Amy Ryan
392,Anne Bancroft
393,Bette Midler
394,Albert Finney
395,Adam Sandler
396,Alan Arkin
397,Bill Paxton
398,Adam Sandler
399,AnnaSophia Robb
400,Anthony Mackie
401,Barabara Palvin
402,Anne Bancroft
403,Ben Kingsley
404,Ben Kingsley
405,Anthony Perkins
406,Alexandra Daddario
407,Bill Rancic
408,Andy Samberg
409,Akemi Darenogare
410,Bill Hader
411,Alessandra Ambrosio
412,Adrien Brody
413,Alex Pettyfer
414,Barry Pepper
415,Amanda Seyfried
416,Ben Kingsley
417,Andy Garcia
418,Amy Schumer
419,Anthony Mackie
420,Alexandra Daddario
421,Al Pacino
422,Andy Garcia
423,Alx James
424,Ashton Kutcher
425,Adele
426,Andy Samberg
427,Al Pacino
428,Andreea Diaconu
429,Anna Paquin
430,Antonio Banderas
431,Bill Murray
432,Aaron Judge
433,Art Carney
434,Andie MacDowell
435,Aaron Taylor-Johnson
436,Alan Alda
437,Bill Pullman
438,Anderson Cooper
439,Ben Kingsley
440,AnnaSophia Robb
441,Alice Eve
442,Alexandra Daddario
443,AnnaSophia Robb
444,Andrew Luck
445,Akemi Darenogare
446,Art Carney
447,Anjelica Huston
448,Annette Bening
449,Amy Ryan
450,Angela Bassett
451,Al Roker
452,Ashley Graham
453,Alicia Vikander
454,Angela Bassett
455,Alexander Skarsgard
456,Alexis Thorpe
457,Audrey Hepburn
458,Alex Pettyfer
459,Adrien Brody
460,bella thorne
461,Andie MacDowell
462,Bella Hadid
463,Antonio Banderas
464,Barabara Palvin
465,Andy Garcia
466,Aaron Judge
467,Ashley Greene
468,Alan Arkin
469,Alexander Skarsgard
470,Antonio Banderas
471,Andy Samberg
472,Andrew Garfield
473,Aaron Taylor-Johnson
474,Amanda Peet
475,Anthony Perkins
476,Anderson Cooper
477,Alan Alda
478,Antonio Banderas
479,Bill O Reilly
480,Benedict Cumberbatch
481,Andy Garcia
482,Anjelica Huston
483,Andy Garcia
484,Anjelica Huston
485,Abigail Breslin
486,Alan Rickman
487,Annette Bening
488,Ava Gardner
489,Alec Baldwin
490,Berenice Bejo
491,Aaron Paul
492,Barry Pepper
493,Ashton Kutcher
494,Adam Sandler
495,Analeigh Tipton
496,Benicio Del Toro
497,Aaron Taylor-Johnson
498,Audrey Hepburn
499,Anthony Mackie
500,Alec Baldwin
501,Anderson Cooper
502,Annette Bening
503,Andy Murray
504,Analeigh Tipton
505,Alan Arkin
506,Andrew Garfield
507,Ashley Greene
508,Benjamin Bratt
509,bella thorne
510,Ashton Kutcher
511,Ava Gardner
512,Anne Bancroft
513,Bella Hadid
514,Ava Gardner
515,Bernie Mac
516,Andrew Garfield
517,Anjelica Huston
518,Al Pacino
519,Benjamin Bratt
520,Barabara Palvin
521,Ali Larter
522,Andrew Luck
523,Ben Stiller
524,Ben Foster
525,Anderson Cooper
526,Audrey Hepburn
527,Bill Murray
528,Albert Finney
529,Adam Sandler
530,Andrew Garfield
531,Anjelica Huston
532,Abigail Breslin
533,Beyonce Knowles
534,Amanda Seyfried
535,Alan Alda
536,Ben Foster
537,Alicia Vikander
538,Audrey Hepburn
539,Bernie Mac
540,Alec Baldwin
541,Akemi Darenogare
542,Bernie Mac
543,Adriana Barraza
544,Armin Mueller-Stahl
545,Antonio Banderas
546,Alicia Vikander
547,Abigail Breslin
548,Art Carney
549,Anderson Cooper
550,Ashton Kutcher
551,Adrianne Palicki
552,Aaron Paul
553,Andy Garcia
554,Bill Daley
555,AnnaSophia Robb
556,Andy Garcia
557,Alexander Skarsgard
558,Andrew Garfield
559,Bill Hader
560,Anderson Cooper
561,Barabara Palvin
562,Anthony Hopkins
563,Akemi Darenogare
564,Bill Paxton
565,Benjamin Bratt
566,Ben Stiller
567,Ashton Kutcher
568,Anna Faris
569,Ben Stiller
570,Alex Pettyfer
571,Albert Finney
572,Anna Friel
573,Barabara Palvin
574,Bella Hadid
575,Andy Serkis
576,Amy Ryan
577,Anthony Hopkins
578,Bill O Reilly
579,Andie MacDowell
580,Bette Midler
581,Ashton Kutcher
582,Andie MacDowell
583,Amy Ryan
584,Anderson Cooper
585,Aaron Paul
586,Analeigh Tipton
587,Al Roker
588,Andy Samberg
589,Alec Baldwin
590,Al Roker
591,Bella Hadid
592,Amanda Bynes
593,Ben Affleck
594,Ashton Kutcher
595,Ashley Graham
596,Ben Johnson
597,Amy Ryan
598,Bernie Mac
599,Amanda Seyfried
600,Andy Murray
601,Alan Alda
602,Al Roker
603,Benedict Cumberbatch
604,Antonio Banderas
605,Amanda Crew
606,Andie MacDowell
607,Akemi Darenogare
608,Andy Murray
609,Akemi Darenogare
610,Aaron Paul
611,Adele
612,Anthony Hopkins
613,Beyonce Knowles
614,Anthony Perkins
615,Amber Heard
616,Andrew Garfield
617,Berenice Bejo
618,Betty White
619,Art Carney
620,Ben Stiller
621,Amy Ryan
622,Antonio Banderas
623,Bill Rancic
624,Albert Brooks
625,Anna Faris
626,Adrianne Palicki
627,Adriana Lima
628,Abigail Breslin
629,Benedict Cumberbatch
630,Andrew Garfield
631,Albert Brooks
632,Anthony Mackie
633,Andrew Luck
634,Beyonce Knowles
635,Adele
636,Adele
637,Audrey Tautou
638,Anne Hathaway
639,Albert Finney
640,Adrien Brody
641,Alan Arkin
642,Antonio Banderas
643,Andy Samberg
644,Anna Friel
645,Bill Pullman
646,Barabara Palvin
647,Bernie Mac
648,Alice Eve
649,Andrew Luck
650,Anna Friel
651,Amy Schumer
652,Alice Eve
653,Anna Friel
654,Beyonce Knowles
655,Alexander Skarsgard
656,Anna Kendrick
657,Antonio Banderas
658,Al Roker
659,Akemi Darenogare
660,Amanda Seyfried
661,Anne Bancroft
662,Adriana Barraza
663,Anthony Perkins
664,Anthony Perkins
665,Andy Garcia
666,Bill Murray
667,Benedict Cumberbatch
668,Benedict Cumberbatch
669,Ashton Kutcher
670,Anderson Cooper
671,Al Roker
672,AnnaSophia Robb
673,Aaron Paul
674,Anna Friel
675,Bette Midler
676,Ben Kingsley
677,Amanda Bynes
678,Anne Baxter
679,Amy Ryan
680,Amy Schumer
681,Anna Faris
682,Ali Larter
683,Amanda Crew
684,Ben Johnson
685,Al Roker
686,Bill Murray
687,Annette Bening
688,Barbra Streisand
689,Albert Finney
690,Abigail Breslin
691,Bill Paxton
692,Arnold Schwarzenegger
693,Andy Samberg
694,Andy Samberg
695,Anna Faris
696,Bella Hadid
697,Andrew Garfield
698,Alx James
699,Abigail Breslin
700,Barbra Streisand
701,Albert Brooks
702,Berenice Bejo
703,Audrey Tautou
704,Andy Samberg
705,Anna Friel
706,Armin Mueller-Stahl
707,Alan Alda
708,Aaron Paul
709,Alx James
710,Art Carney
711,Andie MacDowell
712,Bill Pullman
713,Bill Murray
714,Albert Brooks
715,Anne Hathaway
716,Annette Bening
717,Anne Bancroft
718,Anthony Hopkins
719,Arnold Schwarzenegger
720,Andrew Garfield
721,Aaron Paul
722,Andy Serkis
723,Anna Friel
724,Aaron Paul
725,Arnold Schwarzenegger
726,Alan Rickman
727,Arnold Schwarzenegger
728,Adele
729,Benicio Del Toro
730,Ben Affleck
731,Aaron Taylor-Johnson
732,Anne Baxter
733,Adriana Lima
734,Anne Hathaway
735,Alx James
736,AnnaSophia Robb
737,Anne Bancroft
738,Bill Rancic
739,Bill Murray
740,Bill Daley
741,AnnaSophia Robb
742,Arnold Schwarzenegger
743,Bette Midler
744,Alicia Vikander
745,Benedict Cumberbatch
746,Ben Affleck
747,Albert Brooks
748,Akemi Darenogare
749,Bella Hadid
750,Akemi Darenogare
751,Anna Kendrick
752,Benedict Cumberbatch
753,Bill O Reilly
754,Al Pacino
755,Ben Foster
756,Akemi Darenogare
757,Billy Bob Thornton
758,Ben Affleck
759,Barry Pepper
760,Aaron Paul
761,Ben Johnson
762,Anthony Hopkins
763,Barbra Streisand
764,Anna Friel
765,Adrianne Palicki
766,Amanda Bynes
767,Anjelica Huston
768,Arnold Schwarzenegger
769,Bill Paxton
770,Amanda Seyfried
771,Al Pacino
772,Bella Hadid
773,Ashton Kutcher
774,Bella Hadid
775,Annette Bening
776,Bill Rancic
777,Alan Alda
778,Albert Finney
779,Alicia Vikander
780,Andreea Diaconu
781,Andy Serkis
782,Andy Samberg
783,Ben Stiller
784,Amanda Peet
785,Bill Rancic
786,Amanda Peet
787,bella thorne
788,Andrew Luck
789,Barabara Palvin
790,Bill Murray
791,Anderson Cooper
792,Anne Baxter
793,Andie MacDowell
794,Ava Gardner
795,Amanda Bynes
796,Anderson Cooper
797,Ben Affleck
798,Anne Bancroft
799,Alexandra Daddario
800,Anna Kendrick
801,Anjelica Huston
802,Analeigh Tipton
803,Aaron Judge
804,Aaron Paul
805,Angelina Jolie
806,Angela Bassett
807,Benedict Cumberbatch
808,Anne Hathaway
809,Adam Sandler
810,Adrianne Palicki
811,bella thorne
812,Ben Affleck
813,Ali Larter
814,Anthony Perkins
815,Ben Stiller
816,Adrien Brody
817,Art Carney
818,Ben Kingsley
819,Amy Schumer
820,AnnaSophia Robb
821,Alice Eve
822,Anna Friel
823,Andrew Lincoln
824,Alec Baldwin
825,Alec Baldwin
826,Audrey Hepburn
827,Anne Baxter
828,Bette Midler
829,Anthony Mackie
830,Andreea Diaconu
831,Ashton Kutcher
832,Audrey Hepburn
833,Arnold Schwarzenegger
834,Amanda Bynes
835,Andy Murray
836,Alex Pettyfer
837,Abigail Breslin
838,Akemi Darenogare
839,Alicia Vikander
840,Betty White
841,bella thorne
842,Ashton Kutcher
843,Aaron Paul
844,Andy Garcia
845,bella thorne
846,bella thorne
847,Bill O Reilly
848,Aaron Paul
849,Andy Samberg
850,Benicio Del Toro
851,Al Pacino
852,Alicia Vikander
853,Angelina Jolie
854,Andy Garcia
855,Andy Serkis
856,Andy Samberg
857,Barabara Palvin
858,Al Roker
859,Ben Johnson
860,Ava Gardner
861,Alex Pettyfer
862,Adrianne Palicki
863,Andy Garcia
864,Amy Schumer
865,Ben Stiller
866,Albert Finney
867,Andrew Luck
868,Andy Samberg
869,Bill Daley
870,Ashton Kutcher
871,Ashley Judd
872,Albert Finney
873,Benicio Del Toro
874,Alan Alda
875,Ben Johnson
876,Billy Bob Thornton
877,Amy Ryan
878,Amy Schumer
879,Amanda Seyfried
880,Anne Bancroft
881,Anna Faris
882,Aaron Judge
883,Alan Alda
884,Anna Faris
885,Alex Pettyfer
886,Anna Kendrick
887,Benedict Cumberbatch
888,Benedict Cumberbatch
889,Andrew Lincoln
890,Alessandra Ambrosio
891,Bill Murray
892,Alessandra Ambrosio
893,Barry Pepper
894,Berenice Bejo
895,Alex Pettyfer
896,Andy Serkis
897,Art Carney
898,Anne Bancroft
899,Benedict Cumberbatch
900,Abigail Breslin
901,Adriana Lima
902,Betty White
903,Bernie Mac
904,Bill Pullman
905,Anna Kendrick
906,Bill Daley
907,Alan Rickman
908,Alx James
909,Andy Samberg
910,Antonio Banderas
911,Ashton Kutcher
912,Antonio Banderas
913,Alec Baldwin
914,Audrey Tautou
915,Alicia Vikander
916,Andie MacDowell
917,Ashley Judd
918,Alan Rickman
919,Amy Adams
920,Benicio Del Toro
921,Angelina Jolie
922,Anne Bancroft
923,Adele
924,Art Carney
925,Alexis Thorpe
926,Anjelica Huston
927,Andy Serkis
928,Al Roker
929,Alan Arkin
930,Angela Bassett
931,Bette Midler
932,Abigail Breslin
933,Aaron Judge
934,Anne Hathaway
935,Andie MacDowell
936,Bill Rancic
937,Bill O Reilly
938,Amanda Peet
939,Anthony Hopkins
940,Ashley Greene
941,Ben Affleck
942,Alessandra Ambrosio
943,Alexandra Daddario
944,Bette Midler
945,Ben Foster
946,Ashley Judd
947,Armin Mueller-Stahl
948,Adriana Barraza
949,Adriana Barraza
950,Anthony Hopkins
951,Alexandra Daddario
952,Ben Stiller
953,Al Pacino
954,Andy Samberg
955,Ben Stiller
956,Akemi Darenogare
957,Andy Murray
958,bella thorne
959,Ashley Judd
960,Alx James
961,Aaron Paul
962,Anthony Hopkins
963,Bill Murray
964,Adriana Lima
965,Ashley Judd
966,Abigail Breslin
967,Albert Finney
968,Alx James
969,Bette Midler
970,Alicia Vikander
971,Al Pacino
972,Amanda Peet
973,Anne Baxter
974,Adriana Barraza
975,Ben Affleck
976,Anthony Hopkins
977,Audrey Tautou
978,Anna Friel
979,Anna Friel
980,Arnold Schwarzenegger
981,Alan Alda
982,Andrew Luck
983,Anna Friel
984,Ben Foster
985,Analeigh Tipton
986,Alx James
987,Anthony Mackie
988,Adriana Barraza
989,Al Pacino
990,Adele
991,Andy Serkis
992,Bill Rancic
993,Alexis Thorpe
994,Anna Sui
995,Adriana Barraza
996,Adam Sandler
997,Alx James
998,Aaron Paul
999,Alicia Vikander
1000,Anna Friel
1001,Benjamin Bratt
1002,Annette Bening
1003,Benjamin Bratt
1004,Barbra Streisand
1005,Ben Stiller
1006,Anna Faris
1007,Amy Schumer
1008,Ben Affleck
1009,AnnaSophia Robb
1010,Alexander Skarsgard
1011,Andie MacDowell
1012,Adrianne Palicki
1013,Alan Alda
1014,Benedict Cumberbatch
1015,Berenice Bejo
1016,Albert Finney
1017,Akemi Darenogare
1018,Andy Serkis
1019,Adriana Lima
1020,Alessandra Ambrosio
1021,Benicio Del Toro
1022,Anderson Cooper
1023,Anthony Mackie
1024,Andy Serkis
1025,Albert Finney
1026,Aaron Judge
1027,Alexander Skarsgard
1028,Betty White
1029,Bill Rancic
1030,Abigail Breslin
1031,Adele
1032,Adriana Barraza
1033,bella thorne
1034,Anne Hathaway
1035,Amanda Crew
1036,Anjelica Huston
1037,Alessandra Ambrosio
1038,Amy Adams
1039,Anjelica Huston
1040,Andy Samberg
1041,Amy Adams
1042,Billy Bob Thornton
1043,Andie MacDowell
1044,Audrey Tautou
1045,Anne Hathaway
1046,Alice Eve
1047,Alicia Vikander
1048,Bette Midler
1049,Amanda Peet
1050,Adriana Lima
1051,Angelina Jolie
1052,Ava Gardner
1053,Angela Bassett
1054,Arnold Schwarzenegger
1055,Anthony Mackie
1056,Benedict Cumberbatch
1057,Ashton Kutcher
1058,Beyonce Knowles
1059,Amy Schumer
1060,Alec Baldwin
1061,Antonio Banderas
1062,Anne Baxter
1063,Benjamin Bratt
1064,Ben Stiller
1065,Betty White
1066,Benicio Del Toro
1067,Bette Midler
1068,Ben Affleck
1069,Anne Bancroft
1070,Ava Gardner
1071,Amber Heard
1072,Adriana Barraza
1073,Ashton Kutcher
1074,Aaron Taylor-Johnson
1075,Amanda Seyfried
1076,Alexandra Daddario
1077,Alessandra Ambrosio
1078,Ali Larter
1079,Ashton Kutcher
1080,Alexandra Daddario
1081,Ashley Graham
1082,Aaron Paul
1083,Anna Sui
1084,Ashley Judd
1085,Amy Ryan
1086,Amanda Seyfried
1087,Ashley Greene
1088,Anna Kendrick
1089,Adriana Barraza
1090,Arnold Schwarzenegger
1091,Arnold Schwarzenegger
1092,Barbra Streisand
1093,Angelina Jolie
1094,Barabara Palvin
1095,Anthony Perkins
1096,Betty White
1097,Aaron Taylor-Johnson
1098,Anne Bancroft
1099,Akemi Darenogare
1100,Billy Bob Thornton
1101,Betty White
1102,Billy Bob Thornton
1103,Andy Murray
1104,Bill Pullman
1105,Bette Midler
1106,Alan Arkin
1107,Ashton Kutcher
1108,Andie MacDowell
1109,Aaron Taylor-Johnson
1110,Akemi Darenogare
1111,Benicio Del Toro
1112,Alec Baldwin
1113,Amanda Seyfried
1114,Ashton Kutcher
1115,Beyonce Knowles
1116,Anne Baxter
1117,Abigail Breslin
1118,Bernie Mac
1119,Alicia Vikander
1120,Anne Baxter
1121,Anne Baxter
1122,Amanda Peet
1123,Andreea Diaconu
1124,Ben Foster
1125,Amanda Seyfried
1126,Anne Baxter
1127,Amanda Bynes
1128,Al Roker
1129,Bella Hadid
1130,Aaron Paul
1131,Bill Daley
1132,Andy Serkis
1133,Amanda Peet
1134,Anne Hathaway
1135,Adele
1136,Bill Daley
1137,Bill Murray
1138,Aaron Paul
1139,Amanda Bynes
1140,Anderson Cooper
1141,Amy Schumer
1142,Anthony Perkins
1143,Analeigh Tipton
1144,Anthony Hopkins
1145,Benedict Cumberbatch
1146,Ashley Greene
1147,Alexandra Daddario
1148,Aaron Judge
1149,Arnold Schwarzenegger
1150,Bill Murray
1151,Ashley Judd
1152,Abigail Breslin
1153,Alex Pettyfer
1154,Angela Bassett
1155,Alan Rickman
1156,Andy Samberg
1157,Ben Stiller
1158,Anne Hathaway
1159,Bernie Mac
1160,Amanda Seyfried
1161,Adam Sandler
1162,Bernie Mac
1163,Andy Samberg
1164,Alan Arkin
1165,Adriana Barraza
1166,Adriana Barraza
1167,Amy Ryan
1168,Andy Serkis
1169,Bill Murray
1170,Anderson Cooper
1171,Ben Kingsley
1172,Anne Baxter
1173,Amy Ryan
1174,Anthony Perkins
1175,Ashley Greene
1176,Anna Sui
1177,Andy Garcia
1178,Amanda Crew
1179,Ashley Greene
1180,Adriana Lima
1181,Alan Arkin
1182,Al Roker
1183,Andy Garcia
1184,Benedict Cumberbatch
1185,Ben Johnson
1186,Bill Pullman
1187,Aaron Judge
1188,Amanda Peet
1189,Anne Hathaway
1190,Alicia Vikander
1191,Billy Bob Thornton
1192,Billy Bob Thornton
1193,Andy Serkis
1194,Amber Heard
1195,Alan Rickman
1196,Analeigh Tipton
1197,Anne Hathaway
1198,Andy Serkis
1199,Amanda Crew
1200,Anthony Hopkins
1201,Anna Faris
1202,Amy Ryan
1203,Andreea Diaconu
1204,Barbra Streisand
1205,Ben Affleck
1206,Alexandra Daddario
1207,Bill Pullman
1208,Amy Schumer
1209,Adrianne Palicki
1210,Ben Affleck
1211,Ben Stiller
1212,Ben Foster
1213,Aaron Paul
1214,Bill Murray
1215,Ashley Graham
1216,Ben Kingsley
1217,Amy Schumer
1218,Amanda Crew
1219,Billy Bob Thornton
1220,Angelina Jolie
1221,Adrianne Palicki
1222,Andy Serkis
1223,Anna Friel
1224,Anne Bancroft
1225,Bette Midler
1226,Alex Pettyfer
1227,Barbra Streisand
1228,Adrien Brody
1229,Barry Pepper
1230,Akemi Darenogare
1231,Bill Murray
1232,Abigail Breslin
1233,Ben Stiller
1234,Ashley Greene
1235,Bill Murray
1236,Adam Sandler
1237,Amanda Crew
1238,Annette Bening
1239,Andie MacDowell
1240,Bill O Reilly
1241,Benicio Del Toro
1242,Audrey Tautou
1243,Alx James
1244,Bill Paxton
1245,Bill Hader
1246,Anthony Mackie
1247,Alan Rickman
1248,Anjelica Huston
1249,Art Carney
1250,Barry Pepper
1251,Audrey Tautou
1252,Barbra Streisand
1253,Benicio Del Toro
1254,Amanda Peet
1255,Bill Hader
1256,Alec Baldwin
1257,Alexandra Daddario
1258,Adam Sandler
1259,Angela Bassett
1260,Bernie Mac
1261,Andy Garcia
1262,Barry Pepper
1263,Anthony Hopkins
1264,Anthony Mackie
1265,Arnold Schwarzenegger
1266,Andrew Luck
1267,Andy Samberg
1268,Adele
1269,Betty White
1270,Amy Schumer
1271,Andy Garcia
1272,Alan Alda
1273,Benedict Cumberbatch
1274,Anderson Cooper
1275,Bette Midler
1276,Ali Larter
1277,Andrew Garfield
1278,Abigail Breslin
1279,Andrew Garfield
1280,Adriana Barraza
1281,Anne Hathaway
1282,Analeigh Tipton
1283,Bill Murray
1284,Ashley Graham
1285,Alx James
1286,Amy Adams
1287,Berenice Bejo
1288,Anjelica Huston
1289,Benicio Del Toro
1290,Alan Arkin
1291,Billy Bob Thornton
1292,Bill Murray
1293,Al Roker
1294,Aaron Judge
1295,Adrien Brody
1296,Ashton Kutcher
1297,Andy Serkis
1298,Andrew Lincoln
1299,Adriana Lima
1300,Angelina Jolie
1301,Anna Friel
1302,Andy Garcia
1303,Albert Finney
1304,Alan Alda
1305,Adele
1306,Barry Pepper
1307,Bill Daley
1308,Alicia Vikander
1309,Art Carney
1310,Amanda Bynes
1311,Bill Hader
1312,Andy Samberg
1313,Andy Garcia
1314,Aaron Paul
1315,Ali Larter
1316,Anthony Perkins
1317,Angela Bassett
1318,Anne Baxter
1319,Audrey Tautou
1320,Ashley Greene
1321,Aaron Paul
1322,Barbra Streisand
1323,Bill Murray
1324,Andy Murray
1325,Andy Murray
1326,Alex Pettyfer
1327,Adriana Lima
1328,Andy Murray
1329,Bill Daley
1330,Ashton Kutcher
1331,Amy Adams
1332,Bella Hadid
1333,Anthony Perkins
1334,Ben Foster
1335,Alan Arkin
1336,Amanda Bynes
1337,Amy Schumer
1338,Adele
1339,Anna Friel
1340,Bill Murray
1341,Alexandra Daddario
1342,Aaron Taylor-Johnson
1343,Adam Sandler
1344,Anna Kendrick
1345,Andy Serkis
1346,Betty White
1347,Andy Garcia
1348,Andrew Lincoln
1349,Betty White
1350,Bill Hader
1351,Anne Hathaway
1352,Betty White
1353,Benicio Del Toro
1354,Alex Pettyfer
1355,Anthony Perkins
1356,Ashton Kutcher
1357,Bill Daley
1358,Adriana Lima
1359,Arnold Schwarzenegger
1360,Bette Midler
1361,Anderson Cooper
1362,Bernie Mac
1363,Alan Arkin
1364,Al Roker
1365,Anderson Cooper
1366,Annette Bening
1367,Ashley Graham
1368,Audrey Tautou
1369,Amy Schumer
1370,Anna Kendrick
1371,Angelina Jolie
1372,Anjelica Huston
1373,Annette Bening
1374,Aaron Judge
1375,Anne Hathaway
1376,Ben Johnson
1377,Aaron Taylor-Johnson
1378,Amanda Bynes
1379,Anne Baxter
1380,bella thorne
1381,Andy Garcia
1382,Bill Murray
1383,AnnaSophia Robb
1384,Amber Heard
1385,Amanda Crew
1386,Ashley Greene
1387,Andie MacDowell
1388,Adriana Lima
1389,Anderson Cooper
1390,Ben Johnson
1391,Adrien Brody
1392,Arnold Schwarzenegger
1393,Adam Sandler
1394,AnnaSophia Robb
1395,Bette Midler
1396,Al Pacino
1397,Anne Baxter
1398,Bill Rancic
1399,Barry Pepper
1400,Betty White
1401,Ashley Graham
1402,Andy Samberg
1403,Albert Brooks
1404,Alice Eve
1405,Amanda Bynes
1406,Benedict Cumberbatch
1407,Ashton Kutcher
1408,Alan Arkin
1409,Antonio Banderas
1410,Amanda Peet
1411,Andrew Garfield
1412,Alex Pettyfer
1413,Anthony Hopkins
1414,Ashton Kutcher
1415,Adrianne Palicki
1416,Andrew Garfield
1417,Andy Serkis
1418,Benedict Cumberbatch
1419,Benedict Cumberbatch
1420,Adam Sandler
1421,Betty White
1422,Anne Baxter
1423,Ben Stiller
1424,Alan Alda
1425,Ashton Kutcher
1426,Anjelica Huston
1427,Adriana Lima
1428,Ben Stiller
1429,Billy Bob Thornton
1430,Analeigh Tipton
1431,Anthony Hopkins
1432,Anna Friel
1433,Ashton Kutcher
1434,Andy Samberg
1435,Al Pacino
1436,Andy Murray
1437,Bella Hadid
1438,Andrew Garfield
1439,Anderson Cooper
1440,Ashley Greene
1441,Ali Larter
1442,Benicio Del Toro
1443,Ben Stiller
1444,Bill Pullman
1445,Antonio Banderas
1446,Amanda Bynes
1447,Adriana Lima
1448,Andy Garcia
1449,Alex Pettyfer
1450,Amy Schumer
1451,Arnold Schwarzenegger
1452,Andreea Diaconu
1453,Andy Serkis
1454,Andy Serkis
1455,Alex Pettyfer
1456,Alexis Thorpe
1457,Ben Stiller
1458,Arnold Schwarzenegger
1459,Bernie Mac
1460,Aaron Paul
1461,Anthony Hopkins
1462,Alexis Thorpe
1463,Adriana Lima
1464,Bill Rancic
1465,Amy Ryan
1466,Al Pacino
1467,Andrew Garfield
1468,Aaron Taylor-Johnson
1469,Armin Mueller-Stahl
1470,Aaron Paul
1471,Antonio Banderas
1472,bella thorne
1473,Anna Friel
1474,Abigail Breslin
1475,Adrianne Palicki
1476,Bella Hadid
1477,Amy Schumer
1478,Bella Hadid
1479,Alex Pettyfer
1480,Albert Brooks
1481,Angelina Jolie
1482,Abigail Breslin
1483,Andy Serkis
1484,Bill Rancic
1485,Al Pacino
1486,Alx James
1487,Andy Garcia
1488,Beyonce Knowles
1489,Bill Hader
1490,Aaron Paul
1491,Billy Bob Thornton
1492,Benedict Cumberbatch
1493,Adrianne Palicki
1494,Adrianne Palicki
1495,Anna Paquin
1496,Aaron Paul
1497,Angela Bassett
1498,Alexandra Daddario
1499,Adrianne Palicki
1500,Bernie Mac
1501,Abigail Breslin
1502,Armin Mueller-Stahl
1503,Anne Bancroft
1504,Adele
1505,Bernie Mac
1506,Alx James
1507,Alexandra Daddario
1508,Anjelica Huston
1509,Arnold Schwarzenegger
1510,Andy Samberg
1511,Benicio Del Toro
1512,Bill Murray
1513,Alicia Vikander
1514,Anderson Cooper
1515,Barabara Palvin
1516,Bill Daley
1517,Andy Serkis
1518,Bill Rancic
1519,Bill Hader
1520,Bill Paxton
1521,Bill Hader
1522,Ben Affleck
1523,Alexis Thorpe
1524,Aaron Taylor-Johnson
1525,Aaron Judge
1526,Ali Larter
1527,Alan Arkin
1528,Ben Kingsley
1529,Aaron Taylor-Johnson
1530,Ashley Graham
1531,Andy Samberg
1532,Adrianne Palicki
1533,Andreea Diaconu
1534,Amanda Bynes
1535,Ashley Judd
1536,Analeigh Tipton
1537,Alex Pettyfer
1538,Ashton Kutcher
1539,Arnold Schwarzenegger
1540,Alan Alda
1541,Anne Hathaway
1542,Al Roker
1543,Ben Stiller
1544,Anne Hathaway
1545,Arnold Schwarzenegger
1546,Ali Larter
1547,Audrey Hepburn
1548,Andrew Lincoln
1549,Amber Heard
1550,Angelina Jolie
1551,Ben Kingsley
1552,Ben Affleck
1553,Bill Hader
1554,Ashton Kutcher
1555,Anthony Perkins
1556,Audrey Tautou
1557,Angela Bassett
1558,Andreea Diaconu
1559,Benedict Cumberbatch
1560,Ben Kingsley
1561,Amanda Seyfried
1562,Andie MacDowell
1563,Andrew Lincoln
1564,Armin Mueller-Stahl
1565,Alex Pettyfer
1566,Ashley Graham
1567,Adriana Barraza
1568,Barabara Palvin
1569,Benedict Cumberbatch
1570,bella thorne
1571,Art Carney
1572,Amy Ryan
1573,Arnold Schwarzenegger
1574,Andrew Lincoln
1575,Aaron Judge
1576,Amy Ryan
1577,Adam Sandler
1578,Anne Hathaway
1579,Ben Stiller
1580,Adrien Brody
1581,Alan Rickman
1582,Bill Pullman
1583,Amanda Seyfried
1584,Alan Rickman
1585,Ali Larter
1586,Bill Hader
1587,Al Roker
1588,Alx James
1589,Barabara Palvin
1590,Andy Serkis
1591,Anna Faris
1592,Anjelica Huston
1593,Anderson Cooper
1594,Adrien Brody
1595,Ben Foster
1596,Albert Finney
1597,Alan Arkin
1598,Art Carney
1599,Amanda Bynes
1600,Anthony Mackie
1601,Billy Bob Thornton
1602,Anne Hathaway
1603,Arnold Schwarzenegger
1604,Ben Johnson
1605,Andrew Lincoln
1606,Bill Pullman
1607,Bill Pullman
1608,Adriana Barraza
1609,Alec Baldwin
1610,Anderson Cooper
1611,Andie MacDowell
1612,Benedict Cumberbatch
1613,Benedict Cumberbatch
1614,Alexandra Daddario
1615,Barabara Palvin
1616,Amanda Peet
1617,Benicio Del Toro
1618,Andrew Lincoln
1619,Antonio Banderas
1620,Beyonce Knowles
1621,Adam Sandler
1622,Audrey Hepburn
1623,Anjelica Huston
1624,Billy Bob Thornton
1625,Abigail Breslin
1626,Alec Baldwin
1627,Adrien Brody
1628,Anna Sui
1629,Anna Friel
1630,Alx James
1631,Antonio Banderas
1632,Amber Heard
1633,Andrew Lincoln
1634,Amy Ryan
1635,Ben Stiller
1636,Adele
1637,Bill Daley
1638,Alexander Skarsgard
1639,Alan Rickman
1640,Anderson Cooper
1641,Alex Pettyfer
1642,Ashley Judd
1643,Benedict Cumberbatch
1644,Anne Baxter
1645,Alexander Skarsgard
1646,Arnold Schwarzenegger
1647,Audrey Tautou
1648,Andrew Luck
1649,Ashley Graham
1650,Anna Paquin
1651,Bernie Mac
1652,Anne Baxter
1653,Akemi Darenogare
1654,Amanda Seyfried
1655,Anthony Hopkins
1656,Andy Garcia
1657,Andrew Garfield
1658,Amanda Crew
1659,Antonio Banderas
1660,Andrew Lincoln
1661,Andy Murray
1662,Amy Adams
1663,Audrey Hepburn
1664,Andrew Lincoln
1665,Andy Garcia
1666,Aaron Taylor-Johnson
1667,Al Roker
1668,Amanda Peet
1669,Anna Faris
1670,Aaron Paul
1671,Beyonce Knowles
1672,Armin Mueller-Stahl
1673,Alicia Vikander
1674,Alx James
1675,Adriana Lima
1676,Andrew Lincoln
1677,Anna Kendrick
1678,Anne Bancroft
1679,Anna Kendrick
1680,Ben Stiller
1681,Andy Samberg
1682,Akemi Darenogare
1683,AnnaSophia Robb
1684,Anna Friel
1685,Bill O Reilly
1686,Amy Schumer
1687,Anna Friel
1688,Aaron Taylor-Johnson
1689,Ben Stiller
1690,Anthony Hopkins
1691,Bill Rancic
1692,Anthony Mackie
1693,Alan Rickman
1694,Angela Bassett
1695,Andy Murray
1696,Anthony Hopkins
1697,Anthony Mackie
1698,Ben Affleck
1699,Analeigh Tipton
1700,Arnold Schwarzenegger
1701,Antonio Banderas
1702,Amy Schumer
1703,Andrew Garfield
1704,Audrey Tautou
1705,Amy Adams
1706,Anna Sui
1707,Anderson Cooper
1708,Akemi Darenogare
1709,Arnold Schwarzenegger
1710,Amber Heard
1711,AnnaSophia Robb
1712,Bill O Reilly
1713,Adele
1714,Anthony Hopkins
1715,Adam Sandler
1716,Andrew Lincoln
1717,Billy Bob Thornton
1718,Antonio Banderas
1719,Billy Bob Thornton
1720,Bill Pullman
1721,Ashton Kutcher
1722,Angela Bassett
1723,Arnold Schwarzenegger
1724,Alx James
1725,Al Pacino
1726,Bella Hadid
1727,Alex Pettyfer
1728,Bella Hadid
1729,Anjelica Huston
1730,Abigail Breslin
1731,Arnold Schwarzenegger
1732,Adrianne Palicki
1733,Benedict Cumberbatch
1734,Andie MacDowell
1735,Angela Bassett
1736,Abigail Breslin
1737,Angela Bassett
1738,Amanda Seyfried
1739,Albert Brooks
1740,Ben Kingsley
1741,Anthony Perkins
1742,Adam Sandler
1743,Aaron Taylor-Johnson
1744,Aaron Judge
1745,Amy Ryan
1746,Ashley Judd
1747,Ava Gardner
1748,Bernie Mac
1749,Anthony Perkins
1750,Ashton Kutcher
1751,Benedict Cumberbatch
1752,Alexandra Daddario
1753,Amber Heard
1754,Aaron Paul
1755,Ashton Kutcher
1756,Aaron Paul
1757,Andy Samberg
1758,Alec Baldwin
1759,Amanda Peet
1760,Anne Bancroft
1761,Albert Finney
1762,AnnaSophia Robb
1763,Ashton Kutcher
1764,Anne Bancroft
1765,Analeigh Tipton
1766,Billy Bob Thornton
1767,Al Pacino
1768,bella thorne
1769,Bill Paxton
1770,Anderson Cooper
1771,Ashton Kutcher
1772,Andrew Garfield
1773,Alan Alda
1774,Abigail Breslin
1775,Billy Bob Thornton
1776,Aaron Taylor-Johnson
1777,Al Pacino
1778,Aaron Taylor-Johnson
1779,Annette Bening
1780,Anderson Cooper
1781,Billy Bob Thornton
1782,Alx James
1783,Aaron Taylor-Johnson
1784,Andrew Garfield
1785,Adele
1786,Anna Paquin
1787,Ben Foster
1788,Ali Larter
1789,Arnold Schwarzenegger
1790,Alx James
1791,Aaron Taylor-Johnson
1792,Bill Rancic
1793,Bernie Mac
1794,Bernie Mac
1795,Ben Kingsley
1796,Ashley Judd
1797,Amanda Seyfried
1798,Amanda Peet
1799,Anna Sui
1800,Bill Paxton
1801,Art Carney
1802,Alicia Vikander
1803,Benjamin Bratt
1804,Alex Pettyfer
1805,Ashton Kutcher
1806,Al Pacino
1807,Benjamin Bratt
1808,Anjelica Huston
1809,Barry Pepper
1810,Art Carney
1811,Amy Adams
1812,Ava Gardner
1813,Ava Gardner
1814,Anne Bancroft
1815,Adrianne Palicki
1816,Andrew Lincoln
1817,Albert Brooks
1818,Billy Bob Thornton
1819,Akemi Darenogare
1820,Ben Affleck
1821,Billy Bob Thornton
1822,Anne Bancroft
1823,Ashton Kutcher
1824,Adriana Barraza
1825,Alec Baldwin
1826,Andrew Lincoln
1827,Alexander Skarsgard
1828,Albert Finney
1829,Ben Stiller
1830,Abigail Breslin
1831,Anjelica Huston
1832,Ben Foster
1833,Bill Murray
1834,Andy Murray
1835,Ben Kingsley
1836,Angela Bassett
1837,Ben Affleck
1838,Bill Hader
1839,Akemi Darenogare
1840,Angela Bassett
1841,Ben Stiller
1842,Billy Bob Thornton
1843,Amy Schumer
1844,Anthony Mackie
1845,Bill O Reilly
1846,Andie MacDowell
1847,Billy Bob Thornton
1848,Art Carney
1849,Alexander Skarsgard
1850,Alexandra Daddario
1851,Arnold Schwarzenegger
1852,Bill Paxton
1853,Andy Garcia
1854,Bill Paxton
1855,Bette Midler
1856,Bernie Mac
1857,Adriana Lima
1858,Anne Hathaway
1859,Armin Mueller-Stahl
1860,Albert Brooks
1861,Alan Arkin
1862,Ben Affleck
1863,Adriana Barraza
1864,Anthony Hopkins
1865,Alx James
1866,Andrew Garfield
1867,Art Carney
1868,Bill Pullman
1869,Anthony Mackie
1870,Ashley Greene
1871,Ben Affleck
1872,Aaron Paul
1873,Audrey Hepburn
1874,Anne Hathaway
1875,Billy Bob Thornton
1876,Andy Serkis
1877,Arnold Schwarzenegger
1878,Ashton Kutcher
1879,Angelina Jolie
1880,Anthony Perkins
1881,Amy Ryan
1882,Amy Ryan
1883,Andreea Diaconu
1884,Alicia Vikander
1885,Andrew Luck
1886,Barabara Palvin
1887,Alx James
1888,Amy Adams
1889,Adriana Barraza
1890,Aaron Taylor-Johnson
1891,Andie MacDowell
1892,Billy Bob Thornton
1893,Anthony Mackie
1894,Aaron Paul
1895,Ashley Greene
1896,Billy Bob Thornton
1897,Andy Murray
1898,Anderson Cooper
1899,Alexandra Daddario
1900,Alex Pettyfer
1901,Barbra Streisand
1902,Bill Hader
1903,Amanda Seyfried
1904,Anderson Cooper
1905,Ashton Kutcher
1906,Albert Brooks
1907,Bella Hadid
1908,Bill Rancic
1909,Amy Ryan
1910,Ben Johnson
1911,Analeigh Tipton
1912,Benedict Cumberbatch
1913,Alan Rickman
1914,Adriana Barraza
1915,Anne Hathaway
1916,Arnold Schwarzenegger
1917,Beyonce Knowles
1918,Amy Ryan
1919,Ashton Kutcher
1920,Anna Kendrick
1921,Alice Eve
1922,Andrew Luck
1923,AnnaSophia Robb
1924,Bill Murray
1925,Al Roker
1926,Ben Kingsley
1927,Abigail Breslin
1928,Ben Affleck
1929,Aaron Paul
1930,Anna Friel
1931,Alan Rickman
1932,bella thorne
1933,Andrew Garfield
1934,Betty White
1935,Anna Kendrick
1936,Anthony Hopkins
1937,Alicia Vikander
1938,Benjamin Bratt
1939,Anna Paquin
1940,Anna Friel
1941,Ben Foster
1942,Art Carney
1943,Amy Ryan
1944,Beyonce Knowles
1945,Bette Midler
1946,Alec Baldwin
1947,Aaron Paul
1948,Bill Pullman
1949,Ashley Judd
1950,Bill O Reilly
1951,Alan Alda
1952,Amy Schumer
1953,Adam Sandler
1954,Ashton Kutcher
1955,Andrew Garfield
1956,Adam Sandler
1957,Anna Friel
1958,Betty White
1959,Abigail Breslin
1960,Aaron Taylor-Johnson
1961,Amanda Crew
1962,Anthony Perkins
1963,Alicia Vikander
1964,Anna Kendrick
1965,Andrew Lincoln
1966,Ali Larter
1967,Alec Baldwin
1968,Bette Midler
1969,Andrew Garfield
1970,Armin Mueller-Stahl
1971,Barabara Palvin
1972,Angelina Jolie
1973,bella thorne
1974,Andy Samberg
1975,Alec Baldwin
1976,Ashton Kutcher
1977,Bette Midler
1978,Anne Bancroft
1979,Benedict Cumberbatch
1980,Angela Bassett
1981,Anjelica Huston
1982,Alex Pettyfer
1983,Anna Friel
1984,Bill Murray
1985,Adriana Barraza
1986,Barabara Palvin
1987,Amy Adams
1988,Ashton Kutcher
1989,Anna Faris
1990,Audrey Hepburn
1991,Anjelica Huston
1992,Al Pacino
1993,Alan Alda
1994,Andie MacDowell
1995,Ashley Greene
1996,Andie MacDowell
1997,Benicio Del Toro
1998,Billy Bob Thornton
1999,Alex Pettyfer
2000,Andreea Diaconu
2001,Andrew Luck
2002,Alexandra Daddario
2003,Ali Larter
2004,Bill Daley
2005,Ben Kingsley
2006,Alx James
2007,Billy Bob Thornton
2008,Aaron Paul
2009,Bernie Mac
2010,Benjamin Bratt
2011,Adriana Barraza
2012,Anderson Cooper
2013,Adriana Lima
2014,Adrien Brody
2015,Anne Bancroft
2016,Arnold Schwarzenegger
2017,Anna Kendrick
2018,Alicia Vikander
2019,Angela Bassett
2020,Akemi Darenogare
2021,Alexander Skarsgard
2022,Bette Midler
2023,Benicio Del Toro
2024,Anne Bancroft
2025,Anthony Mackie
2026,Anna Friel
2027,Ben Kingsley
2028,Anjelica Huston
2029,Angela Bassett
2030,Bill Paxton
2031,Amy Adams
2032,Adrianne Palicki
2033,bella thorne
2034,Anderson Cooper
2035,Bill Pullman
2036,Ben Stiller
2037,Audrey Tautou
2038,Betty White
2039,Billy Bob Thornton
2040,Betty White
2041,Anna Faris
2042,Aaron Taylor-Johnson
2043,Abigail Breslin
2044,Anjelica Huston
2045,Amanda Peet
2046,Alexandra Daddario
2047,Audrey Tautou
2048,Andy Garcia
2049,Albert Brooks
2050,Armin Mueller-Stahl
2051,Analeigh Tipton
2052,Ashley Judd
2053,Ashley Graham
2054,Anne Baxter
2055,Bill Daley
2056,bella thorne
2057,Andrew Garfield
2058,Bill O Reilly
2059,Alexis Thorpe
2060,bella thorne
2061,Amanda Crew
2062,Alan Alda
2063,Anthony Hopkins
2064,Amy Ryan
2065,Alexander Skarsgard
2066,Antonio Banderas
2067,bella thorne
2068,Adam Sandler
2069,Amanda Crew
2070,Andie MacDowell
2071,Bernie Mac
2072,Andie MacDowell
2073,Anna Paquin
2074,Angela Bassett
2075,Bill Daley
2076,Adele
2077,Ben Kingsley
2078,Anne Baxter
2079,Adrien Brody
2080,Alexis Thorpe
2081,Al Pacino
2082,Angela Bassett
2083,Aaron Taylor-Johnson
2084,Aaron Paul
2085,Andy Garcia
2086,Andy Serkis
2087,Andy Garcia
2088,Anne Hathaway
2089,Alexander Skarsgard
2090,Anna Paquin
2091,Aaron Judge
2092,Al Roker
2093,Amber Heard
2094,Bill O Reilly
2095,Bill O Reilly
2096,Angela Bassett
2097,Arnold Schwarzenegger
2098,Antonio Banderas
2099,Anthony Perkins
2100,Andy Samberg
2101,Anne Baxter
2102,Amanda Peet
2103,Andie MacDowell
2104,Amanda Crew
2105,Anna Kendrick
2106,Bernie Mac
2107,Alexis Thorpe
2108,Bill Hader
2109,Audrey Tautou
2110,Aaron Paul
2111,Billy Bob Thornton
2112,Alan Alda
2113,Audrey Tautou
2114,Benedict Cumberbatch
2115,Ben Johnson
2116,Anthony Perkins
2117,Adam Sandler
2118,Aaron Taylor-Johnson
2119,Amber Heard
2120,Amanda Seyfried
2121,Arnold Schwarzenegger
2122,Amy Adams
2123,Andy Murray
2124,Anthony Perkins
2125,Ashton Kutcher
2126,Anne Baxter
2127,Alex Pettyfer
2128,Anjelica Huston
2129,Arnold Schwarzenegger
2130,Aaron Paul
2131,Benicio Del Toro
2132,Annette Bening
2133,Andrew Lincoln
2134,Barabara Palvin
2135,Albert Finney
2136,Adriana Lima
2137,Ben Foster
2138,Bill Paxton
2139,Alan Alda
2140,Bill Paxton
2141,Bill Daley
2142,Andy Garcia
2143,Ashley Judd
2144,Bette Midler
2145,Andrew Lincoln
2146,Anna Kendrick
2147,Amy Adams
2148,Bernie Mac
2149,Anne Baxter
2150,Alicia Vikander
2151,Arnold Schwarzenegger
2152,Andy Samberg
2153,Andy Serkis
2154,Adrianne Palicki
2155,Akemi Darenogare
2156,Benedict Cumberbatch
2157,Albert Finney
2158,Andy Samberg
2159,Bill Murray
2160,Bette Midler
2161,Amy Ryan
2162,Al Pacino
2163,Bill Daley
2164,Alan Alda
2165,Adrianne Palicki
2166,Barabara Palvin
2167,Analeigh Tipton
2168,Berenice Bejo
2169,Alec Baldwin
2170,Andy Murray
2171,Anjelica Huston
2172,Amy Schumer
2173,Bill Daley
2174,Anderson Cooper
2175,Albert Finney
2176,Analeigh Tipton
2177,Ashley Judd
2178,Andy Murray
2179,Ben Stiller
2180,Anna Paquin
2181,Anna Faris
2182,Benicio Del Toro
2183,Aaron Judge
2184,Anthony Hopkins
2185,Bill Rancic
2186,AnnaSophia Robb
2187,Ashton Kutcher
2188,Ava Gardner
2189,Anthony Hopkins
2190,Annette Bening
2191,Amanda Peet
2192,Antonio Banderas
2193,Ben Stiller
2194,Alessandra Ambrosio
2195,Ali Larter
2196,Arnold Schwarzenegger
2197,Anderson Cooper
2198,Analeigh Tipton
2199,Ava Gardner
2200,Amy Ryan
2201,Anne Hathaway
2202,Andrew Lincoln
2203,Alan Alda
2204,Angelina Jolie
2205,Adam Sandler
2206,Alessandra Ambrosio
2207,Anne Hathaway
2208,Bernie Mac
2209,Alan Arkin
2210,Bill O Reilly
2211,Armin Mueller-Stahl
2212,Alexandra Daddario
2213,AnnaSophia Robb
2214,Billy Bob Thornton
2215,Akemi Darenogare
2216,Anna Paquin
2217,Beyonce Knowles
2218,Al Roker
2219,Ashley Graham
2220,Andy Serkis
2221,Anthony Mackie
2222,Bette Midler
2223,Adriana Barraza
2224,Ashton Kutcher
2225,Benicio Del Toro
2226,Albert Finney
2227,Adriana Lima
2228,Andrew Lincoln
2229,Andrew Luck
2230,Al Pacino
2231,Benicio Del Toro
2232,Barry Pepper
2233,Adriana Lima
2234,Anthony Hopkins
2235,Aaron Taylor-Johnson
2236,Ava Gardner
2237,Anne Hathaway
2238,Benicio Del Toro
2239,Anthony Perkins
2240,Adriana Barraza
2241,Anna Faris
2242,Amy Schumer
2243,Annette Bening
2244,Alan Arkin
2245,Aaron Paul
2246,Aaron Taylor-Johnson
2247,Ashley Graham
2248,Anne Bancroft
2249,Andy Serkis
2250,Benjamin Bratt
2251,Al Roker
2252,Anne Hathaway
2253,Bill Hader
2254,Albert Finney
2255,Bill Rancic
2256,Art Carney
2257,Alan Arkin
2258,Ben Kingsley
2259,Benjamin Bratt
2260,Alec Baldwin
2261,Barry Pepper
2262,Alexis Thorpe
2263,Andrew Garfield
2264,Alan Rickman
2265,Alexis Thorpe
2266,Ashley Greene
2267,Ben Affleck
2268,Arnold Schwarzenegger
2269,Ben Stiller
2270,Alan Alda
2271,Analeigh Tipton
2272,Amy Adams
2273,Albert Finney
2274,Benicio Del Toro
2275,Alexandra Daddario
2276,Amanda Seyfried
2277,Adele
2278,Benicio Del Toro
2279,Albert Finney
2280,Andy Murray
2281,Bill Hader
2282,Adam Sandler
2283,Andy Garcia
2284,Bill Daley
2285,Anthony Hopkins
2286,Ava Gardner
2287,Antonio Banderas
2288,Akemi Darenogare
2289,Amanda Bynes
2290,Ben Foster
2291,Amanda Bynes
2292,AnnaSophia Robb
2293,Barabara Palvin
2294,Angelina Jolie
2295,Art Carney
2296,Adriana Barraza
2297,Amanda Seyfried
2298,Ben Johnson
2299,Amy Schumer
2300,Art Carney
2301,Anderson Cooper
2302,Aaron Paul
2303,Bella Hadid
2304,Ben Kingsley
2305,Alexandra Daddario
2306,Ashley Greene
2307,Arnold Schwarzenegger
2308,Alice Eve
2309,Anne Bancroft
2310,Ashley Graham
2311,Bill O Reilly
2312,Billy Bob Thornton
2313,Annette Bening
2314,Ben Affleck
2315,Bill Rancic
2316,Andy Serkis
2317,Abigail Breslin
2318,Annette Bening
2319,Anna Faris
2320,Ben Stiller
2321,Adriana Barraza
2322,Anthony Perkins
2323,Bill Pullman
2324,Al Roker
2325,Ben Affleck
2326,Andreea Diaconu
2327,Barry Pepper
2328,Andy Serkis
2329,Anne Baxter
2330,Betty White
2331,Aaron Judge
2332,Alexandra Daddario
2333,Alicia Vikander
2334,Bernie Mac
2335,Angela Bassett
2336,Abigail Breslin
2337,Ashley Graham
2338,Amanda Bynes
2339,Ben Affleck
2340,Andy Serkis
2341,Ben Stiller
2342,Ben Johnson
2343,Anthony Hopkins
2344,Ashton Kutcher
2345,Ben Stiller
2346,Antonio Banderas
2347,Anna Faris
2348,Annette Bening
2349,Anne Baxter
2350,Amanda Bynes
2351,Anne Bancroft
2352,Adam Sandler
2353,Alan Arkin
2354,Ben Stiller
2355,Bill Pullman
2356,Analeigh Tipton
2357,Adriana Lima
2358,Ashley Greene
2359,Adriana Lima
2360,Amy Ryan
2361,Amy Schumer
2362,Amanda Peet
2363,Benjamin Bratt
2364,Benicio Del Toro
2365,Anthony Mackie
2366,Ben Affleck
2367,Alec Baldwin
2368,Andy Serkis
2369,Bill O Reilly
2370,Ashley Graham
2371,Adrien Brody
2372,Ben Johnson
2373,Amanda Seyfried
2374,Alice Eve
2375,Anderson Cooper
2376,Al Pacino
2377,Bette Midler
2378,Bill Paxton
2379,Analeigh Tipton
2380,Amanda Seyfried
2381,Anne Baxter
2382,Amber Heard
2383,Aaron Taylor-Johnson
2384,Andrew Luck
2385,Ashley Greene
2386,Bill Murray
2387,Anthony Hopkins
2388,Adriana Lima
2389,Alex Pettyfer
2390,Amy Schumer
2391,Andy Serkis
2392,Abigail Breslin
2393,Amanda Crew
2394,Angelina Jolie
2395,Andrew Lincoln
2396,Amanda Peet
2397,Anna Paquin
2398,Alan Rickman
2399,Art Carney
2400,Anthony Perkins
2401,Bernie Mac
2402,Bill Hader
2403,Anne Baxter
2404,Bill O Reilly
2405,Bill O Reilly
2406,Anjelica Huston
2407,Alex Pettyfer
2408,Alan Rickman
2409,Beyonce Knowles
2410,AnnaSophia Robb
2411,Bill Murray
2412,Ashley Judd
2413,Amy Schumer
2414,Anna Friel
2415,Bella Hadid
2416,Betty White
2417,Abigail Breslin
2418,Alan Alda
2419,Al Roker
2420,Amy Schumer
2421,Audrey Hepburn
2422,Anne Bancroft
2423,Ashley Greene
2424,Anne Hathaway
2425,Bernie Mac
2426,Armin Mueller-Stahl
2427,Ben Stiller
2428,Ben Kingsley
2429,Adam Sandler
2430,Arnold Schwarzenegger
2431,Andrew Luck
2432,Benjamin Bratt
2433,Alan Alda
2434,Alan Rickman
2435,Bill Pullman
2436,Anderson Cooper
2437,Adele
2438,Andy Serkis
2439,Arnold Schwarzenegger
2440,Amy Schumer
2441,Andreea Diaconu
2442,Anna Faris
2443,Abigail Breslin
2444,Anthony Perkins
2445,Benedict Cumberbatch
2446,Ben Stiller
2447,Barabara Palvin
2448,Andrew Luck
2449,Arnold Schwarzenegger
2450,Bill Murray
2451,Benedict Cumberbatch
2452,Bill Hader
2453,Angela Bassett
2454,Aaron Taylor-Johnson
2455,AnnaSophia Robb
2456,Anne Baxter
2457,Ben Stiller
2458,Bette Midler
2459,Alex Pettyfer
2460,Arnold Schwarzenegger
2461,Albert Finney
2462,Anna Faris
2463,Anderson Cooper
2464,Anna Friel
2465,Ava Gardner
2466,Andreea Diaconu
2467,Andrew Lincoln
2468,Bill Murray
2469,Antonio Banderas
2470,Benicio Del Toro
2471,Art Carney
2472,Ben Stiller
2473,Andy Murray
2474,Bella Hadid
2475,Andreea Diaconu
2476,Abigail Breslin
2477,Abigail Breslin
2478,Anne Hathaway
2479,Bill Murray
2480,Bill Hader
2481,Andy Garcia
2482,Andrew Lincoln
2483,Anjelica Huston
2484,Anthony Perkins
2485,Andy Serkis
2486,Benedict Cumberbatch
2487,bella thorne
2488,Benjamin Bratt
2489,Andie MacDowell
2490,Alexander Skarsgard
2491,Ashley Graham
2492,Audrey Hepburn
2493,Andy Samberg
2494,Andrew Luck
2495,Anne Bancroft
2496,Anthony Mackie
2497,Anjelica Huston
2498,Alexis Thorpe
2499,Amy Schumer
2500,Anna Friel
2501,Ali Larter
2502,Bill Murray
2503,Anna Paquin
2504,Angelina Jolie
2505,Aaron Taylor-Johnson
2506,Alex Pettyfer
2507,Alexandra Daddario
2508,Aaron Judge
2509,Alexandra Daddario
2510,Antonio Banderas
2511,Alexandra Daddario
2512,Ashley Judd
2513,Ashton Kutcher
2514,Anderson Cooper
2515,Bill Murray
2516,Ashton Kutcher
2517,Angela Bassett
2518,Andy Samberg
2519,Bette Midler
2520,Amy Schumer
2521,Analeigh Tipton
2522,Barabara Palvin
2523,Ashley Greene
2524,Alx James
2525,Bill Hader
2526,Andy Samberg
2527,Barry Pepper
2528,Al Roker
2529,Andy Samberg
2530,Analeigh Tipton
2531,AnnaSophia Robb
2532,Alan Arkin
2533,Aaron Paul
2534,Albert Finney
2535,Alicia Vikander
2536,Benicio Del Toro
2537,Antonio Banderas
2538,Ben Affleck
2539,Anne Baxter
2540,Abigail Breslin
2541,Ashton Kutcher
2542,Amy Adams
2543,Anna Sui
2544,Aaron Taylor-Johnson
2545,Alicia Vikander
2546,Ali Larter
2547,Anne Bancroft
2548,Berenice Bejo
2549,Analeigh Tipton
2550,AnnaSophia Robb
2551,Benedict Cumberbatch
2552,Ben Johnson
2553,Alex Pettyfer
2554,Armin Mueller-Stahl
2555,Alex Pettyfer
2556,Al Pacino
2557,Bernie Mac
2558,Adriana Barraza
2559,Amanda Bynes
2560,Anthony Hopkins
2561,Ashley Greene
2562,Benicio Del Toro
2563,Albert Finney
2564,Amanda Crew
2565,Ben Kingsley
2566,Bella Hadid
2567,Barbra Streisand
2568,Betty White
2569,Billy Bob Thornton
2570,Bill O Reilly
2571,Andy Samberg
2572,Ben Foster
2573,Alicia Vikander
2574,Anna Paquin
2575,Amanda Peet
2576,Alan Alda
2577,Ben Kingsley
2578,Anne Hathaway
2579,Alexander Skarsgard
2580,Amber Heard
2581,Bill Murray
2582,Ashton Kutcher
2583,Audrey Hepburn
2584,Barbra Streisand
2585,Anjelica Huston
2586,Anthony Hopkins
2587,Anthony Hopkins
2588,Alan Rickman
2589,Alan Arkin
2590,Abigail Breslin
2591,Art Carney
2592,Barry Pepper
2593,Ashton Kutcher
2594,Aaron Paul
2595,Adrianne Palicki
2596,Annette Bening
2597,Ali Larter
2598,Amy Ryan
2599,Adrianne Palicki
2600,Amanda Seyfried
2601,Aaron Taylor-Johnson
2602,Anne Hathaway
2603,Anne Baxter
2604,Amanda Seyfried
2605,Bill Daley
2606,Al Roker
2607,Andrew Lincoln
2608,Ashton Kutcher
2609,Adrien Brody
2610,Alec Baldwin
2611,Analeigh Tipton
2612,Angelina Jolie
2613,Bill Paxton
2614,Ashton Kutcher
2615,Adriana Lima
2616,Alex Pettyfer
2617,Adele
2618,Bill Daley
2619,Amy Schumer
2620,Audrey Hepburn
2621,Andy Garcia
2622,Ben Affleck
2623,Albert Finney
2624,Andrew Garfield
2625,Al Pacino
2626,Benjamin Bratt
2627,Alec Baldwin
2628,Alec Baldwin
2629,Alx James
2630,Anne Hathaway
2631,Ashton Kutcher
2632,Bette Midler
2633,Anthony Mackie
2634,Audrey Tautou
2635,Alec Baldwin
2636,Anne Hathaway
2637,Ben Stiller
2638,Adrien Brody
2639,Akemi Darenogare
2640,Barabara Palvin
2641,Amber Heard
2642,Andy Samberg
2643,Andie MacDowell
2644,Audrey Tautou
2645,Anjelica Huston
2646,Bill O Reilly
2647,Alan Rickman
2648,Ben Kingsley
2649,Anna Friel
2650,Andie MacDowell
2651,Andrew Garfield
2652,Alex Pettyfer
2653,Aaron Taylor-Johnson
2654,Anna Kendrick
2655,Abigail Breslin
2656,Andy Serkis
2657,Amy Schumer
2658,Barbra Streisand
2659,Andy Serkis
2660,Anna Friel
2661,Andy Garcia
2662,Alx James
2663,Ashton Kutcher
2664,Amy Adams
2665,Ashton Kutcher
2666,Beyonce Knowles
2667,Adam Sandler
2668,Amanda Crew
2669,Alex Pettyfer
2670,Anna Faris
2671,Anna Paquin
2672,Anthony Perkins
2673,Alan Arkin
2674,Andy Samberg
2675,Andy Serkis
2676,Alan Rickman
2677,Benjamin Bratt
2678,Anderson Cooper
2679,Antonio Banderas
2680,Akemi Darenogare
2681,Anne Hathaway
2682,Berenice Bejo
2683,Ashley Graham
2684,Albert Brooks
2685,Anne Bancroft
2686,Betty White
2687,Alexis Thorpe
2688,Bill O Reilly
2689,Al Roker
2690,Bill Paxton
2691,Abigail Breslin
2692,Arnold Schwarzenegger
2693,Adam Sandler
2694,Andy Samberg
2695,Berenice Bejo
2696,Ashley Graham
2697,Ben Foster
2698,Betty White
2699,Adele
2700,Ben Affleck
2701,Aaron Paul
2702,Alex Pettyfer
2703,Albert Brooks
2704,Beyonce Knowles
2705,Alicia Vikander
2706,Amanda Peet
2707,Art Carney
2708,Ben Affleck
2709,Bill Paxton
2710,Amy Ryan
2711,Bette Midler
2712,Ava Gardner
2713,Anthony Mackie
2714,Amanda Seyfried
2715,Anne Hathaway
2716,Adrianne Palicki
2717,Akemi Darenogare
2718,Andreea Diaconu
2719,Antonio Banderas
2720,Abigail Breslin
2721,Anne Bancroft
2722,Adam Sandler
2723,Anna Faris
2724,Benedict Cumberbatch
2725,Bill Murray
2726,Amy Ryan
2727,Benedict Cumberbatch
2728,Andrew Lincoln
2729,Benedict Cumberbatch
2730,Amy Ryan
2731,Alan Rickman
2732,Bernie Mac
2733,Angelina Jolie
2734,Bernie Mac
2735,Alec Baldwin
2736,Bill Murray
2737,Anthony Hopkins
2738,Amanda Peet
2739,Alan Alda
2740,Amber Heard
2741,Bill Daley
2742,Benjamin Bratt
2743,Amanda Seyfried
2744,Bill Murray
2745,Alan Alda
2746,Amy Schumer
2747,Barabara Palvin
2748,Abigail Breslin
2749,Bill Rancic
2750,Bill Rancic
2751,Bill Pullman
2752,Andy Samberg
2753,Anthony Mackie
2754,Abigail Breslin
2755,Al Pacino
2756,Adriana Lima
2757,Anjelica Huston
2758,Armin Mueller-Stahl
2759,Anthony Mackie
2760,Arnold Schwarzenegger
2761,Bill Paxton
2762,Antonio Banderas
2763,bella thorne
2764,Alan Rickman
2765,Amber Heard
2766,Bernie Mac
2767,Ali Larter
2768,Bernie Mac
2769,Bella Hadid
2770,Annette Bening
2771,Andy Serkis
2772,Andrew Garfield
2773,Anjelica Huston
2774,Beyonce Knowles
2775,Ava Gardner
2776,Amy Adams
2777,Anne Baxter
2778,Alex Pettyfer
2779,Aaron Paul
2780,Betty White
2781,Anne Baxter
2782,Barry Pepper
2783,Audrey Tautou
2784,Anjelica Huston
2785,Betty White
2786,Andy Murray
2787,Amy Adams
2788,Anthony Perkins
2789,Alexis Thorpe
2790,Alessandra Ambrosio
2791,Ashton Kutcher
2792,Amanda Peet
2793,Adele
2794,Amy Ryan
2795,Barbra Streisand
2796,Amanda Seyfried
2797,Anne Hathaway
2798,Anne Hathaway
2799,Ben Johnson
2800,Andy Serkis
2801,Abigail Breslin
2802,Amy Ryan
2803,Amy Schumer
2804,Anna Friel
2805,Ashton Kutcher
2806,Akemi Darenogare
2807,bella thorne
2808,Benjamin Bratt
2809,Albert Brooks
2810,Aaron Taylor-Johnson
2811,Ashley Judd
2812,Arnold Schwarzenegger
2813,Andreea Diaconu
2814,Al Pacino
2815,Anjelica Huston
2816,Bill Hader
2817,Ali Larter
2818,Bill Murray
2819,Arnold Schwarzenegger
2820,Amanda Bynes
2821,Andrew Lincoln
2822,Ben Affleck
2823,Alan Arkin
2824,Amanda Crew
2825,Anderson Cooper
2826,Andrew Garfield
2827,Alec Baldwin
2828,Alan Rickman
2829,Aaron Judge
2830,Bill Paxton
2831,Alan Rickman
2832,Art Carney
2833,Anjelica Huston
2834,Anna Paquin
2835,Amanda Seyfried
2836,Alex Pettyfer
2837,Alexandra Daddario
2838,Ashley Greene
2839,Angela Bassett
2840,Bill Murray
2841,Analeigh Tipton
2842,Anjelica Huston
2843,Andrew Luck
2844,Andy Garcia
2845,Alec Baldwin
2846,Ashley Greene
2847,Antonio Banderas
2848,Benicio Del Toro
2849,Andie MacDowell
2850,Ashley Graham
2851,AnnaSophia Robb
2852,Andy Samberg
2853,Antonio Banderas
2854,Andrew Garfield
2855,Amy Ryan
2856,Albert Finney
2857,Amanda Peet
2858,Berenice Bejo
2859,Andrew Luck
2860,Anna Sui
2861,bella thorne
2862,Andreea Diaconu
2863,bella thorne
2864,Ashley Graham
2865,Ben Johnson
2866,Alexander Skarsgard
2867,Andrew Garfield
2868,Benjamin Bratt
2869,Annette Bening
2870,Anthony Hopkins
2871,Ashton Kutcher
2872,Billy Bob Thornton
2873,Bill Hader
2874,Alec Baldwin
2875,Billy Bob Thornton
2876,Anderson Cooper
2877,Andy Garcia
2878,AnnaSophia Robb
2879,Amy Ryan
2880,Adele
2881,Andie MacDowell
2882,Anna Paquin
2883,Ashton Kutcher
2884,Bill Murray
2885,Ava Gardner
2886,Art Carney
2887,Barry Pepper
2888,Anne Bancroft
2889,Anthony Mackie
2890,Akemi Darenogare
2891,Alessandra Ambrosio
2892,Adriana Lima
2893,Ben Johnson
2894,Anderson Cooper
2895,Antonio Banderas
2896,Amanda Seyfried
2897,Adriana Lima
2898,Adrien Brody
2899,Anjelica Huston
2900,Anna Faris
2901,Ashley Greene
2902,Billy Bob Thornton
2903,Aaron Taylor-Johnson
2904,Andy Garcia
2905,Andrew Lincoln
2906,Adrien Brody
2907,Ashley Graham
2908,Ashley Judd
2909,Andrew Luck
2910,Barbra Streisand
2911,Audrey Hepburn
2912,Amanda Seyfried
2913,Barry Pepper
2914,Audrey Hepburn
2915,Adrianne Palicki
2916,Alicia Vikander
2917,Amanda Seyfried
2918,Ava Gardner
2919,Bernie Mac
2920,Bill Daley
2921,Alexander Skarsgard
2922,Barabara Palvin
2923,AnnaSophia Robb
2924,Aaron Taylor-Johnson
2925,Bette Midler
2926,Arnold Schwarzenegger
2927,Aaron Paul
2928,Amy Adams
2929,Andy Samberg
2930,Alan Alda
2931,Angela Bassett
2932,Ashley Greene
2933,Alice Eve
2934,Albert Finney
2935,Analeigh Tipton
2936,Anthony Hopkins
2937,Alan Rickman
2938,Ben Affleck
2939,Ashley Judd
2940,Bill Daley
2941,Anna Faris
2942,Adam Sandler
2943,Andrew Garfield
2944,Andy Serkis
2945,Alex Pettyfer
2946,Al Pacino
2947,Anderson Cooper
2948,Angela Bassett
2949,Albert Brooks
2950,Annette Bening
2951,Bette Midler
2952,Ali Larter
2953,Amanda Crew
2954,Aaron Paul
2955,Barry Pepper
2956,Anna Friel
2957,Ben Kingsley
2958,Alicia Vikander
2959,Andy Serkis
2960,Alan Alda
2961,bella thorne
2962,Aaron Paul
2963,Alexandra Daddario
2964,Anthony Mackie
2965,Andie MacDowell
2966,Benjamin Bratt
2967,Amber Heard
2968,Antonio Banderas
2969,Anne Bancroft
2970,Adele
2971,Barbra Streisand
2972,Akemi Darenogare
2973,Alan Alda
2974,Anderson Cooper
2975,Benjamin Bratt
2976,Benicio Del Toro
2977,Benedict Cumberbatch
2978,Amber Heard
2979,AnnaSophia Robb
2980,Alice Eve
2981,Alan Alda
2982,Adrien Brody
2983,Ashley Judd
2984,Ashley Judd
2985,Benedict Cumberbatch
2986,Beyonce Knowles
2987,Ali Larter
2988,Andy Serkis
2989,Anthony Perkins
2990,Alice Eve
2991,Benedict Cumberbatch
2992,Benicio Del Toro
2993,Andrew Luck
2994,Aaron Judge
2995,Antonio Banderas
2996,Aaron Paul
2997,Amanda Peet
2998,Andy Murray
2999,Anna Kendrick
3000,Abigail Breslin
3001,Anthony Mackie
3002,Billy Bob Thornton
3003,Andy Garcia
3004,Anjelica Huston
3005,Anne Hathaway
3006,Andy Serkis
3007,Art Carney
3008,bella thorne
3009,Anthony Hopkins
3010,Amanda Seyfried
3011,Adriana Lima
3012,Bill Pullman
3013,Billy Bob Thornton
3014,Alan Alda
3015,Ashley Judd
3016,Anthony Mackie
3017,Beyonce Knowles
3018,Alexander Skarsgard
3019,Abigail Breslin
3020,Alexis Thorpe
3021,Angela Bassett
3022,Anthony Hopkins
3023,Ashley Judd
3024,Bill O Reilly
3025,Anne Hathaway
3026,Amanda Bynes
3027,Angelina Jolie
3028,Annette Bening
3029,Angelina Jolie
3030,Ali Larter
3031,Armin Mueller-Stahl
3032,Anjelica Huston
3033,Angela Bassett
3034,Ben Affleck
3035,Ben Kingsley
3036,Bill Pullman
3037,Ali Larter
3038,Anjelica Huston
3039,Alan Arkin
3040,Bill Pullman
3041,Angelina Jolie
3042,Bill Rancic
3043,Amanda Peet
3044,Andrew Luck
3045,Albert Finney
3046,Art Carney
3047,Adriana Lima
3048,Amber Heard
3049,Angela Bassett
3050,Ali Larter
3051,Barry Pepper
3052,Anderson Cooper
3053,Ben Kingsley
3054,Analeigh Tipton
3055,Adele
3056,Al Roker
3057,Barabara Palvin
3058,Audrey Hepburn
3059,Aaron Paul
3060,Amanda Crew
3061,Andrew Lincoln
3062,Anthony Mackie
3063,Abigail Breslin
3064,Audrey Tautou
3065,Benedict Cumberbatch
3066,Andy Murray
3067,Anderson Cooper
3068,Andrew Luck
3069,Bill Paxton
3070,Aaron Judge
3071,Alec Baldwin
3072,Ashley Judd
3073,Adriana Lima
3074,Anne Baxter
3075,Bella Hadid
3076,Arnold Schwarzenegger
3077,Amanda Peet
3078,Albert Brooks
3079,Amanda Bynes
3080,Al Pacino
3081,Anna Kendrick
3082,Arnold Schwarzenegger
3083,Bill O Reilly
3084,Amy Schumer
3085,Arnold Schwarzenegger
3086,Anjelica Huston
3087,Anderson Cooper
3088,Anderson Cooper
3089,Anthony Perkins
3090,Bette Midler
3091,Anne Baxter
3092,Andy Murray
3093,Alan Arkin
3094,Anjelica Huston
3095,Benjamin Bratt
3096,Benedict Cumberbatch
3097,Ben Affleck
3098,Ashley Greene
3099,Amanda Crew
3100,Anna Faris
3101,Ben Foster
3102,Adele
3103,Benicio Del Toro
3104,Anthony Mackie
3105,Alessandra Ambrosio
3106,Abigail Breslin
3107,Bill Pullman
3108,Beyonce Knowles
3109,Angela Bassett
3110,Ali Larter
3111,Anne Bancroft
3112,Bill Murray
3113,Bill O Reilly
3114,Betty White
3115,AnnaSophia Robb
3116,Anthony Perkins
3117,Andy Serkis
3118,Alexandra Daddario
3119,Ben Stiller
3120,bella thorne
3121,Andrew Garfield
3122,Alessandra Ambrosio
3123,Ben Stiller
3124,Adrianne Palicki
3125,Anthony Perkins
3126,Amy Adams
3127,Andy Murray
3128,Benjamin Bratt
3129,Benjamin Bratt
3130,Angela Bassett
3131,Angela Bassett
3132,Ashley Judd
3133,Adrien Brody
3134,Beyonce Knowles
3135,Arnold Schwarzenegger
3136,Alicia Vikander
3137,Adam Sandler
3138,Ben Foster
3139,Alx James
3140,Annette Bening
3141,Anjelica Huston
3142,Andy Serkis
3143,Alex Pettyfer
3144,Aaron Taylor-Johnson
3145,Anthony Perkins
3146,Andy Samberg
3147,Ashley Graham
3148,Andy Samberg
3149,Adriana Lima
3150,Alan Rickman
3151,Ava Gardner
3152,Barabara Palvin
3153,Bill O Reilly
3154,Amanda Seyfried
3155,Alan Alda
3156,Aaron Taylor-Johnson
3157,Al Roker
3158,Benedict Cumberbatch
3159,Akemi Darenogare
3160,Andie MacDowell
3161,Andie MacDowell
3162,Aaron Paul
3163,Alx James
3164,Anderson Cooper
3165,Anthony Hopkins
3166,Anthony Mackie
3167,Anna Kendrick
3168,Billy Bob Thornton
3169,Billy Bob Thornton
3170,Andy Samberg
3171,Ashley Greene
3172,Adele
3173,Berenice Bejo
3174,Adrien Brody
3175,Andreea Diaconu
3176,Amy Schumer
3177,Adrianne Palicki
3178,Akemi Darenogare
3179,Ben Johnson
3180,Andy Garcia
3181,Akemi Darenogare
3182,Albert Finney
3183,Aaron Paul
3184,Andy Garcia
3185,Andie MacDowell
3186,Adam Sandler
3187,Alexander Skarsgard
3188,Barbra Streisand
3189,Ben Affleck
3190,Amy Adams
3191,Arnold Schwarzenegger
3192,Ava Gardner
3193,Anthony Mackie
3194,Andy Garcia
3195,Benicio Del Toro
3196,Adriana Barraza
3197,Bill Hader
3198,Adriana Barraza
3199,Anna Kendrick
3200,Albert Finney
3201,Antonio Banderas
3202,AnnaSophia Robb
3203,Amanda Seyfried
3204,Amanda Bynes
3205,Benedict Cumberbatch
3206,Amy Adams
3207,Andy Garcia
3208,Aaron Paul
3209,Alexandra Daddario
3210,Alec Baldwin
3211,Alan Alda
3212,Andreea Diaconu
3213,Bill Paxton
3214,Barry Pepper
3215,Bella Hadid
3216,Antonio Banderas
3217,Aaron Taylor-Johnson
3218,Armin Mueller-Stahl
3219,Amy Ryan
3220,Albert Brooks
3221,Bill Hader
3222,Bill Hader
3223,Andy Garcia
3224,Anne Hathaway
3225,Andy Murray
3226,Andy Samberg
3227,Amanda Seyfried
3228,Anna Kendrick
3229,Benicio Del Toro
3230,Barbra Streisand
3231,Benicio Del Toro
3232,Bette Midler
3233,Alan Alda
3234,Billy Bob Thornton
3235,Art Carney
3236,Betty White
3237,Anne Bancroft
3238,Anthony Hopkins
3239,Abigail Breslin
3240,Adrien Brody
3241,Alexandra Daddario
3242,Anne Hathaway
3243,Bill Murray
3244,Ben Foster
3245,Anderson Cooper
3246,Andy Garcia
3247,Anthony Hopkins
3248,Audrey Tautou
3249,Andrew Luck
3250,Bill O Reilly
3251,Ali Larter
3252,Alexandra Daddario
3253,Amanda Seyfried
3254,Alec Baldwin
3255,Ben Affleck
3256,Alexandra Daddario
3257,Ashton Kutcher
3258,Anna Friel
3259,Bella Hadid
3260,Ben Stiller
3261,Alex Pettyfer
3262,Alec Baldwin
3263,Andy Garcia
3264,Akemi Darenogare
3265,Billy Bob Thornton
3266,Anne Bancroft
3267,Andy Garcia
3268,Aaron Taylor-Johnson
3269,Andrew Lincoln
3270,Antonio Banderas
3271,Amy Schumer
3272,Anthony Mackie
3273,Anne Baxter
3274,Bill O Reilly
3275,Anderson Cooper
3276,Amanda Peet
3277,Amy Ryan
3278,Art Carney
3279,Ben Affleck
3280,Albert Finney
3281,Ben Kingsley
3282,Amy Schumer
3283,Bill Rancic
3284,Audrey Tautou
3285,Andy Serkis
3286,Annette Bening
3287,Al Pacino
3288,Anthony Hopkins
3289,Al Roker
3290,Alexandra Daddario
3291,Angelina Jolie
3292,Anne Hathaway
3293,Ashley Greene
3294,Ashley Judd
3295,Alec Baldwin
3296,Anne Hathaway
3297,Barabara Palvin
3298,Anthony Hopkins
3299,Amanda Seyfried
3300,Benicio Del Toro
3301,Anna Kendrick
3302,Albert Finney
3303,Andrew Luck
3304,Adele
3305,Alicia Vikander
3306,Angelina Jolie
3307,Betty White
3308,Benicio Del Toro
3309,Al Roker
3310,Amy Schumer
3311,Anna Kendrick
3312,Adriana Lima
3313,Andy Garcia
3314,Al Roker
3315,Barbra Streisand
3316,Ashley Judd
3317,Ali Larter
3318,Barry Pepper
3319,AnnaSophia Robb
3320,Anne Bancroft
3321,Analeigh Tipton
3322,Andy Samberg
3323,Annette Bening
3324,Amanda Bynes
3325,Bill Paxton
3326,Alx James
3327,Ali Larter
3328,bella thorne
3329,Analeigh Tipton
3330,Bill Daley
3331,Adriana Barraza
3332,Anne Bancroft
3333,Bernie Mac
3334,Andie MacDowell
3335,Anderson Cooper
3336,Amanda Crew
3337,Annette Bening
3338,Andy Samberg
3339,Alec Baldwin
3340,Aaron Paul
3341,Beyonce Knowles
3342,Bill Rancic
3343,Andrew Lincoln
3344,Beyonce Knowles
3345,bella thorne
3346,Alec Baldwin
3347,Andy Garcia
3348,Ben Kingsley
3349,Ashton Kutcher
3350,Anna Paquin
3351,Andy Serkis
3352,Amy Ryan
3353,Andy Garcia
3354,Amanda Seyfried
3355,Antonio Banderas
3356,Alexandra Daddario
3357,Aaron Judge
3358,Ava Gardner
3359,Anna Sui
3360,Anna Faris
3361,Ben Johnson
3362,Alexandra Daddario
3363,Anthony Hopkins
3364,Alice Eve
3365,Akemi Darenogare
3366,Al Roker
3367,Angelina Jolie
3368,Amanda Crew
3369,Andy Serkis
3370,Anthony Perkins
3371,Aaron Paul
3372,Adriana Barraza
3373,Adriana Lima
3374,Ben Kingsley
3375,Benicio Del Toro
3376,Andy Samberg
3377,Al Roker
3378,Ashton Kutcher
3379,Alan Alda
3380,Billy Bob Thornton
3381,Bette Midler
3382,Ben Affleck
3383,Abigail Breslin
3384,Benedict Cumberbatch
3385,Anderson Cooper
3386,Andreea Diaconu
3387,Anthony Hopkins
3388,Anna Paquin
3389,Anthony Perkins
3390,Audrey Tautou
3391,Ashley Greene
3392,Ben Kingsley
3393,Akemi Darenogare
3394,Alec Baldwin
3395,Bill Paxton
3396,Analeigh Tipton
3397,Andrew Garfield
3398,Albert Finney
3399,Bill Paxton
3400,Anna Friel
3401,Anthony Hopkins
3402,Abigail Breslin
3403,Aaron Paul
3404,Beyonce Knowles
3405,Al Pacino
3406,Bella Hadid
3407,Anthony Mackie
3408,Benicio Del Toro
3409,Andy Serkis
3410,Anna Faris
3411,Al Roker
3412,Ashley Graham
3413,Akemi Darenogare
3414,Bill Murray
3415,Amy Schumer
3416,Barry Pepper
3417,Alicia Vikander
3418,Arnold Schwarzenegger
3419,Alx James
3420,Alan Alda
3421,Anne Bancroft
3422,Akemi Darenogare
3423,Anthony Perkins
3424,Benicio Del Toro
3425,Ben Foster
3426,Alicia Vikander
3427,Beyonce Knowles
3428,Arnold Schwarzenegger
3429,Alessandra Ambrosio
3430,Anna Paquin
3431,Adriana Lima
3432,Alx James
3433,Abigail Breslin
3434,Andy Serkis
3435,Anthony Perkins
3436,Andy Garcia
3437,Al Pacino
3438,Andreea Diaconu
3439,Alexis Thorpe
3440,Alexandra Daddario
3441,Amanda Seyfried
3442,Adrien Brody
3443,Ben Johnson
3444,Bette Midler
3445,Andy Murray
3446,Art Carney
3447,Ashton Kutcher
3448,Anthony Mackie
3449,Andreea Diaconu
3450,Al Roker
3451,Ashton Kutcher
3452,Alexander Skarsgard
3453,Bill O Reilly
3454,Bella Hadid
3455,Ashley Judd
3456,Alan Arkin
3457,Benjamin Bratt
3458,Angelina Jolie
3459,Ben Kingsley
3460,Aaron Taylor-Johnson
3461,Alexis Thorpe
3462,Andy Garcia
3463,Adrianne Palicki
3464,Bill Pullman
3465,Ava Gardner
3466,Al Pacino
3467,Andy Samberg
3468,Adrianne Palicki
3469,Ali Larter
3470,Benjamin Bratt
3471,Arnold Schwarzenegger
3472,Andie MacDowell
3473,Aaron Paul
3474,Angelina Jolie
3475,Amanda Seyfried
3476,Al Roker
3477,Bette Midler
3478,Bill Murray
3479,Andrew Lincoln
3480,Anna Paquin
3481,Anna Faris
3482,Alexandra Daddario
3483,Adrien Brody
3484,Antonio Banderas
3485,Adriana Barraza
3486,Art Carney
3487,Andy Serkis
3488,Bette Midler
3489,Antonio Banderas
3490,Alex Pettyfer
3491,Andreea Diaconu
3492,Alec Baldwin
3493,Andy Garcia
3494,Beyonce Knowles
3495,Adriana Lima
3496,Adriana Barraza
3497,Ben Foster
3498,Amanda Crew
3499,Anjelica Huston
3500,Andy Samberg
3501,Akemi Darenogare
3502,Alexander Skarsgard
3503,Anthony Perkins
3504,Alice Eve
3505,Bill Paxton
3506,Ben Kingsley
3507,Anjelica Huston
3508,Ashley Judd
3509,Ashton Kutcher
3510,Abigail Breslin
3511,Andy Serkis
3512,Bill Rancic
3513,Anna Faris
3514,Alan Rickman
3515,Al Roker
3516,Adriana Lima
3517,Angela Bassett
3518,Ben Foster
3519,Andrew Lincoln
3520,Alx James
3521,Betty White
3522,Andy Garcia
3523,Alexandra Daddario
3524,Antonio Banderas
3525,Amanda Peet
3526,Andy Serkis
3527,AnnaSophia Robb
3528,Benicio Del Toro
3529,Benedict Cumberbatch
3530,Betty White
3531,Amy Schumer
3532,Bill Daley
3533,Angelina Jolie
3534,Antonio Banderas
3535,Barbra Streisand
3536,Andy Serkis
3537,Andie MacDowell
3538,Alice Eve
3539,Andrew Luck
3540,Alexis Thorpe
3541,Anna Paquin
3542,Audrey Tautou
3543,Bill O Reilly
3544,Betty White
3545,Antonio Banderas
3546,Alan Alda
3547,Benedict Cumberbatch
3548,Bill Rancic
3549,Betty White
3550,Arnold Schwarzenegger
3551,Alicia Vikander
3552,Benicio Del Toro
3553,Abigail Breslin
3554,Anna Kendrick
3555,Anna Friel
3556,Akemi Darenogare
3557,Anna Faris
3558,Alan Arkin
3559,Anne Bancroft
3560,Ashton Kutcher
3561,Anthony Hopkins
3562,Billy Bob Thornton
3563,Bella Hadid
3564,Amy Ryan
3565,Anna Kendrick
3566,Betty White
3567,Adriana Lima
3568,Andy Samberg
3569,Anne Baxter
3570,Adrien Brody
3571,Berenice Bejo
3572,Audrey Tautou
3573,Anne Baxter
3574,Alessandra Ambrosio
3575,Alessandra Ambrosio
3576,Anne Hathaway
3577,Benicio Del Toro
3578,Bill Murray
3579,Angela Bassett
3580,Beyonce Knowles
3581,Ben Kingsley
3582,Andrew Lincoln
3583,Bill Pullman
3584,Andy Samberg
3585,Armin Mueller-Stahl
3586,Alexander Skarsgard
3587,Ashley Greene
3588,Bette Midler
3589,Alicia Vikander
3590,Adam Sandler
3591,Amanda Peet
3592,Alan Arkin
3593,Ashton Kutcher
3594,Benicio Del Toro
3595,Andy Serkis
3596,Andy Garcia
3597,Bill O Reilly
3598,Angelina Jolie
3599,Alx James
3600,Alessandra Ambrosio
3601,Ben Kingsley
3602,Ben Johnson
3603,Ben Stiller
3604,Adrien Brody
3605,Bill Hader
3606,Adriana Barraza
3607,Abigail Breslin
3608,Anthony Hopkins
3609,Anjelica Huston
3610,Alexander Skarsgard
3611,Ava Gardner
3612,Al Roker
3613,Bill Hader
3614,Bette Midler
3615,Ashley Judd
3616,Beyonce Knowles
3617,Alice Eve
3618,Betty White
3619,Andrew Luck
3620,Ben Foster
3621,Anna Friel
3622,Amanda Peet
3623,Betty White
3624,Alx James
3625,Anjelica Huston
3626,Bill Rancic
3627,Bill Rancic
3628,Alessandra Ambrosio
3629,Andie MacDowell
3630,Betty White
3631,Adele
3632,Anna Sui
3633,Adriana Lima
3634,Ashley Graham
3635,Alec Baldwin
3636,Bernie Mac
3637,Alex Pettyfer
3638,Anna Paquin
3639,Bill O Reilly
3640,Anna Sui
3641,Andrew Garfield
3642,Ben Stiller
3643,Anna Kendrick
3644,Amanda Peet
3645,Amanda Bynes
3646,Anthony Mackie
3647,Anne Hathaway
3648,Bill Hader
3649,Alan Alda
3650,Angelina Jolie
3651,Antonio Banderas
3652,Arnold Schwarzenegger
3653,Analeigh Tipton
3654,Anna Faris
3655,Anderson Cooper
3656,Antonio Banderas
3657,Alexandra Daddario
3658,Andrew Garfield
3659,Barabara Palvin
3660,Beyonce Knowles
3661,Anthony Perkins
3662,Aaron Taylor-Johnson
3663,Anne Baxter
3664,Bill Daley
3665,Albert Finney
3666,Adriana Barraza
3667,Alessandra Ambrosio
3668,Bill Murray
3669,Al Roker
3670,Ava Gardner
3671,Anne Bancroft
3672,Audrey Tautou
3673,Angela Bassett
3674,Ali Larter
3675,Alicia Vikander
3676,AnnaSophia Robb
3677,Arnold Schwarzenegger
3678,Benicio Del Toro
3679,Andrew Luck
3680,Amanda Bynes
3681,Anthony Hopkins
3682,Ben Affleck
3683,Anne Bancroft
3684,Andy Serkis
3685,Benedict Cumberbatch
3686,Anjelica Huston
3687,Arnold Schwarzenegger
3688,Alec Baldwin
3689,Adele
3690,Bill Paxton
3691,Amanda Seyfried
3692,Amy Schumer
3693,Anthony Mackie
3694,Adrianne Palicki
3695,Anna Kendrick
3696,Albert Brooks
3697,Bill Murray
3698,Bill Murray
3699,Amanda Seyfried
3700,Andy Samberg
3701,Andreea Diaconu
3702,Bella Hadid
3703,Ben Foster
3704,Ben Foster
3705,Arnold Schwarzenegger
3706,Andrew Garfield
3707,Art Carney
3708,Ben Foster
3709,Andy Serkis
3710,Arnold Schwarzenegger
3711,Anderson Cooper
3712,Ben Stiller
3713,Ava Gardner
3714,Betty White
3715,Alex Pettyfer
3716,Ashley Graham
3717,Ashley Judd
3718,Ava Gardner
3719,Ben Affleck
3720,Ben Kingsley
3721,Al Roker
3722,Andie MacDowell
3723,Art Carney
3724,Anderson Cooper
3725,Amanda Seyfried
3726,Ali Larter
3727,Aaron Paul
3728,Aaron Judge
3729,Ben Stiller
3730,Bella Hadid
3731,Andrew Garfield
3732,Amanda Crew
3733,Anna Friel
3734,Billy Bob Thornton
3735,Alexandra Daddario
3736,Betty White
3737,Andy Murray
3738,Anna Friel
3739,Andrew Garfield
3740,Anne Hathaway
3741,Ashley Judd
3742,Ben Stiller
3743,Andreea Diaconu
3744,Benicio Del Toro
3745,Aaron Paul
3746,Ashley Greene
3747,Adam Sandler
3748,Beyonce Knowles
3749,Anna Friel
3750,Alx James
3751,Antonio Banderas
3752,Armin Mueller-Stahl
3753,Alan Arkin
3754,Amanda Seyfried
3755,Bill Paxton
3756,Amanda Seyfried
3757,Ali Larter
3758,Ashton Kutcher
3759,Betty White
3760,Ben Johnson
3761,Adriana Lima
3762,Alan Alda
3763,Ashley Greene
3764,Bill O Reilly
3765,Anna Paquin
3766,Alan Alda
3767,Ben Affleck
3768,Ashley Greene
3769,Adriana Lima
3770,Anderson Cooper
3771,Alan Rickman
3772,Andrew Luck
3773,Bernie Mac
3774,Ben Affleck
3775,Armin Mueller-Stahl
3776,Anna Paquin
3777,bella thorne
3778,Anna Friel
3779,Alec Baldwin
3780,Bette Midler
3781,Alexandra Daddario
3782,Abigail Breslin
3783,Adele
3784,Billy Bob Thornton
3785,Anne Bancroft
3786,Adam Sandler
3787,Bill Murray
3788,Bill Paxton
3789,Andrew Garfield
3790,Alan Arkin
3791,AnnaSophia Robb
3792,Adam Sandler
3793,Adriana Lima
3794,Barry Pepper
3795,Ben Stiller
3796,Alan Rickman
3797,Andy Samberg
3798,Alan Rickman
3799,Anthony Hopkins
3800,Barabara Palvin
3801,Adrianne Palicki
3802,Benedict Cumberbatch
3803,Amanda Bynes
3804,Benjamin Bratt
3805,Bill Hader
3806,Ashley Greene
3807,Amy Adams
3808,Aaron Taylor-Johnson
3809,Ashley Judd
3810,Bill Murray
3811,Bill Daley
3812,Ben Affleck
3813,Bill O Reilly
3814,Adriana Barraza
3815,Ben Kingsley
3816,Aaron Judge
3817,Benjamin Bratt
3818,Alec Baldwin
3819,Ali Larter
3820,Bill Hader
3821,Andy Samberg
3822,Ashton Kutcher
3823,Andy Garcia
3824,Bernie Mac
3825,Al Roker
3826,Bette Midler
3827,Akemi Darenogare
3828,Anthony Mackie
3829,Anne Hathaway
3830,Art Carney
3831,Al Roker
3832,Alexander Skarsgard
3833,Andy Murray
3834,Barry Pepper
3835,Bernie Mac
3836,Alan Arkin
3837,Alessandra Ambrosio
3838,Bette Midler
3839,Barbra Streisand
3840,Andy Samberg
3841,Amy Schumer
3842,bella thorne
3843,Ben Affleck
3844,Ben Affleck
3845,Andreea Diaconu
3846,Ashton Kutcher
3847,Alex Pettyfer
3848,Aaron Taylor-Johnson
3849,Anne Baxter
3850,Adam Sandler
3851,Barabara Palvin
3852,Alec Baldwin
3853,Barabara Palvin
3854,Ben Affleck
3855,Abigail Breslin
3856,Alan Alda
3857,Anne Baxter
3858,Anne Bancroft
3859,Analeigh Tipton
3860,Barbra Streisand
3861,Ali Larter
3862,Anna Paquin
3863,Barabara Palvin
3864,Abigail Breslin
3865,Bill Daley
3866,Alec Baldwin
3867,Bill Murray
3868,Anthony Mackie
3869,Anna Friel
3870,Andy Garcia
3871,Anna Sui
3872,Anderson Cooper
3873,Barry Pepper
3874,bella thorne
3875,Al Roker
3876,Anna Sui
3877,Armin Mueller-Stahl
3878,Anthony Perkins
3879,Adrianne Palicki
3880,Alan Alda
3881,Anne Hathaway
3882,Arnold Schwarzenegger
3883,Anne Baxter
3884,Benicio Del Toro
3885,Abigail Breslin
3886,Bill Murray
3887,Anne Bancroft
3888,Angelina Jolie
3889,Bill Hader
3890,Angelina Jolie
3891,Antonio Banderas
3892,Amanda Seyfried
3893,Alexis Thorpe
3894,Ashley Graham
3895,Al Pacino
3896,Andy Serkis
3897,Arnold Schwarzenegger
3898,Bill Hader
3899,Arnold Schwarzenegger
3900,Ben Kingsley
3901,Al Roker
3902,Andy Murray
3903,Bill Murray
3904,Adriana Lima
3905,Ben Stiller
3906,Bernie Mac
3907,Alice Eve
3908,Alexander Skarsgard
3909,Anthony Perkins
3910,Anthony Mackie
3911,Abigail Breslin
3912,Andie MacDowell
3913,Anna Kendrick
3914,Andy Samberg
3915,Alan Arkin
3916,Adriana Lima
3917,Anna Paquin
3918,Albert Brooks
3919,Andrew Luck
3920,Aaron Judge
3921,Adriana Lima
3922,Andy Garcia
3923,Bill Murray
3924,Billy Bob Thornton
3925,Alicia Vikander
3926,Billy Bob Thornton
3927,Anne Baxter
3928,Anna Friel
3929,Alx James
3930,Aaron Paul
3931,Anna Faris
3932,Alicia Vikander
3933,Aaron Paul
3934,Andreea Diaconu
3935,Bette Midler
3936,Anderson Cooper
3937,Ava Gardner
3938,Anthony Mackie
3939,Anthony Hopkins
3940,Anna Faris
3941,Amanda Bynes
3942,Alan Rickman
3943,Amy Schumer
3944,Art Carney
3945,Alan Alda
3946,Alan Alda
3947,Andy Garcia
3948,Ashley Judd
3949,Akemi Darenogare
3950,Ashton Kutcher
3951,Berenice Bejo
3952,Andy Samberg
3953,Ben Kingsley
3954,Art Carney
3955,Alexander Skarsgard
3956,Andy Samberg
3957,Al Roker
3958,Ashley Greene
3959,Abigail Breslin
3960,Audrey Hepburn
3961,Aaron Taylor-Johnson
3962,Anthony Hopkins
3963,Ben Johnson
3964,Ben Foster
3965,Bill Murray
3966,Alicia Vikander
3967,Ben Johnson
3968,Barbra Streisand
3969,Anthony Hopkins
3970,Berenice Bejo
3971,Amanda Crew
3972,Andy Serkis
3973,Adrien Brody
3974,Bill Paxton
3975,Andrew Luck
3976,Arnold Schwarzenegger
3977,Arnold Schwarzenegger
3978,Andy Murray
3979,Ben Affleck
3980,Albert Finney
3981,AnnaSophia Robb
3982,Anthony Perkins
3983,Betty White
3984,Alicia Vikander
3985,Benicio Del Toro
3986,Aaron Taylor-Johnson
3987,Alan Rickman
3988,Alx James
3989,Ali Larter
3990,Alessandra Ambrosio
3991,Bette Midler
3992,Ben Kingsley
3993,Amy Adams
3994,Betty White
3995,Ashley Judd
3996,Bill Rancic
3997,Angelina Jolie
3998,Ben Stiller
3999,Bill O Reilly
4000,Anne Hathaway
4001,Amanda Peet
4002,Alan Alda
4003,Angelina Jolie
4004,Audrey Hepburn
4005,Adriana Barraza
4006,Andreea Diaconu
4007,Bill Murray
4008,Ashley Judd
4009,Alexander Skarsgard
4010,Akemi Darenogare
4011,Adrien Brody
4012,Al Roker
4013,Anne Bancroft
4014,Andrew Garfield
4015,Anthony Mackie
4016,Anna Paquin
4017,Antonio Banderas
4018,Al Roker
4019,Alexander Skarsgard
4020,Arnold Schwarzenegger
4021,Art Carney
4022,Benjamin Bratt
4023,Anne Bancroft
4024,Alan Arkin
4025,Andy Murray
4026,Anjelica Huston
4027,Ben Stiller
4028,Ben Johnson
4029,Alex Pettyfer
4030,Andy Garcia
4031,Bill O Reilly
4032,Aaron Paul
4033,Ashton Kutcher
4034,Alan Arkin
4035,Bill Paxton
4036,Andrew Luck
4037,Bill Pullman
4038,Alan Rickman
4039,Andie MacDowell
4040,Ashton Kutcher
4041,Anna Friel
4042,Art Carney
4043,Anthony Mackie
4044,Anne Bancroft
4045,Andreea Diaconu
4046,Alx James
4047,Anthony Mackie
4048,Anthony Mackie
4049,Anne Baxter
4050,Albert Brooks
4051,Adrien Brody
4052,Anthony Hopkins
4053,Anna Friel
4054,Bill Paxton
4055,Alexandra Daddario
4056,Benjamin Bratt
4057,Albert Finney
4058,Al Pacino
4059,Bill Paxton
4060,Bill Daley
4061,Bill Murray
4062,Bill Daley
4063,bella thorne
4064,Art Carney
4065,Barry Pepper
4066,Al Pacino
4067,Anderson Cooper
4068,Alan Alda
4069,Adrianne Palicki
4070,Aaron Paul
4071,Barry Pepper
4072,Angela Bassett
4073,Alan Arkin
4074,Andie MacDowell
4075,Amy Schumer
4076,Adriana Barraza
4077,Anna Faris
4078,Amanda Seyfried
4079,Adriana Lima
4080,Barabara Palvin
4081,Alec Baldwin
4082,Barabara Palvin
4083,Bill Paxton
4084,Anna Kendrick
4085,Amanda Bynes
4086,Barabara Palvin
4087,Alx James
4088,Adrianne Palicki
4089,Anne Hathaway
4090,Barry Pepper
4091,Barabara Palvin
4092,Andrew Garfield
4093,Benedict Cumberbatch
4094,Albert Brooks
4095,Bill O Reilly
4096,Ashley Graham
4097,Andy Samberg
4098,Amber Heard
4099,Andy Samberg
4100,Bill Paxton
4101,bella thorne
4102,Alan Alda
4103,Art Carney
4104,Bill O Reilly
4105,AnnaSophia Robb
4106,Andy Serkis
4107,Billy Bob Thornton
4108,Arnold Schwarzenegger
4109,Andy Serkis
4110,Alx James
4111,Bill Murray
4112,Benedict Cumberbatch
4113,Barry Pepper
4114,Adriana Lima
4115,Ashley Graham
4116,Anne Baxter
4117,Al Roker
4118,Alicia Vikander
4119,Antonio Banderas
4120,Anne Hathaway
4121,Anna Kendrick
4122,Albert Finney
4123,Betty White
4124,Amanda Seyfried
4125,Benicio Del Toro
4126,Alex Pettyfer
4127,Alan Alda
4128,Adele
4129,Angelina Jolie
4130,Anna Faris
4131,Bill Murray
4132,Akemi Darenogare
4133,Andy Garcia
4134,Arnold Schwarzenegger
4135,Bill Daley
4136,Ben Stiller
4137,Adriana Lima
4138,Ali Larter
4139,Ashton Kutcher
4140,Andie MacDowell
4141,Alan Arkin
4142,Al Roker
4143,Andy Murray
4144,Bill Pullman
4145,Akemi Darenogare
4146,Andrew Lincoln
4147,Albert Brooks
4148,Alexander Skarsgard
4149,Angelina Jolie
4150,Ava Gardner
4151,Alx James
4152,Alexandra Daddario
4153,Akemi Darenogare
4154,bella thorne
4155,Alan Arkin
4156,bella thorne
4157,Adriana Lima
4158,Amanda Bynes
4159,Anna Friel
4160,Andreea Diaconu
4161,Amber Heard
4162,Anna Faris
4163,Ava Gardner
4164,Albert Brooks
4165,Ashley Graham
4166,Alexander Skarsgard
4167,Alx James
4168,Bella Hadid
4169,Amanda Seyfried
4170,Amanda Crew
4171,Andy Garcia
4172,AnnaSophia Robb
4173,Ben Kingsley
4174,Alicia Vikander
4175,Andy Samberg
4176,Bella Hadid
4177,Alan Rickman
4178,Adele
4179,Barry Pepper
4180,Akemi Darenogare
4181,Andy Garcia
4182,Aaron Judge
4183,Ashley Greene
4184,Ashley Greene
4185,Ben Johnson
4186,Audrey Hepburn
4187,Barabara Palvin
4188,Alan Arkin
4189,Alexandra Daddario
4190,Al Roker
4191,Albert Brooks
4192,Bette Midler
4193,Ashley Greene
4194,Adriana Lima
4195,Alexandra Daddario
4196,Ben Stiller
4197,Adrien Brody
4198,Alx James
4199,Alexandra Daddario
4200,Aaron Paul
4201,Betty White
4202,Alexander Skarsgard
4203,Anderson Cooper
4204,Andy Samberg
4205,Betty White
4206,Ashley Judd
4207,Anthony Hopkins
4208,Ali Larter
4209,Alec Baldwin
4210,Albert Finney
4211,Adriana Barraza
4212,Bill Hader
4213,Amanda Crew
4214,Alexandra Daddario
4215,Anthony Mackie
4216,Aaron Taylor-Johnson
4217,Benicio Del Toro
4218,Adele
4219,Ashton Kutcher
4220,bella thorne
4221,Bernie Mac
4222,Adriana Barraza
4223,Ashton Kutcher
4224,Billy Bob Thornton
4225,Bernie Mac
4226,Abigail Breslin
4227,Anjelica Huston
4228,Alexandra Daddario
4229,Amy Adams
4230,Amanda Bynes
4231,Ben Affleck
4232,Ben Affleck
4233,Ben Johnson
4234,Ben Kingsley
4235,Annette Bening
4236,Andy Samberg
4237,Benicio Del Toro
4238,Alicia Vikander
4239,Anthony Hopkins
4240,bella thorne
4241,Anderson Cooper
4242,Billy Bob Thornton
4243,Barabara Palvin
4244,Beyonce Knowles
4245,Amanda Peet
4246,Andie MacDowell
4247,Ashley Judd
4248,Ben Foster
4249,Bill Daley
4250,Aaron Judge
4251,Andy Murray
4252,Anderson Cooper
4253,Ben Johnson
4254,Anna Paquin
4255,Anthony Hopkins
4256,Akemi Darenogare
4257,Arnold Schwarzenegger
4258,Anthony Hopkins
4259,Annette Bening
4260,Audrey Tautou
4261,Bernie Mac
4262,Benjamin Bratt
4263,Anthony Perkins
4264,Annette Bening
4265,Arnold Schwarzenegger
4266,Anthony Hopkins
4267,AnnaSophia Robb
4268,AnnaSophia Robb
4269,Andy Garcia
4270,Andrew Luck
4271,Amy Adams
4272,Angela Bassett
4273,Bill Hader
4274,Arnold Schwarzenegger
4275,Ben Stiller
4276,Betty White
4277,Akemi Darenogare
4278,Andrew Garfield
4279,Bill O Reilly
4280,Aaron Taylor-Johnson
4281,Ashton Kutcher
4282,Anthony Perkins
4283,Anderson Cooper
4284,Adriana Barraza
4285,Alan Rickman
4286,Benicio Del Toro
4287,Alex Pettyfer
4288,Adele
4289,Alx James
4290,Ashton Kutcher
4291,Alicia Vikander
4292,Bill Daley
4293,Ashton Kutcher
4294,Anthony Mackie
4295,Andrew Luck
4296,Benicio Del Toro
4297,Angela Bassett
4298,Anna Kendrick
4299,Anjelica Huston
4300,Anne Bancroft
4301,Aaron Taylor-Johnson
4302,Andy Samberg
4303,Al Pacino
4304,Bill Paxton
4305,Angela Bassett
4306,Adrianne Palicki
4307,Bill Daley
4308,Barabara Palvin
4309,Anthony Mackie
4310,Ashley Graham
4311,Ashley Graham
4312,Alex Pettyfer
4313,Anthony Perkins
4314,Ashley Greene
4315,Al Roker
4316,Ashton Kutcher
4317,Aaron Judge
4318,Alx James
4319,Ben Kingsley
4320,Albert Brooks
4321,Audrey Hepburn
4322,Akemi Darenogare
4323,Alx James
4324,Ashley Judd
4325,Bill Murray
4326,Alex Pettyfer
4327,Anna Kendrick
4328,Alx James
4329,Adam Sandler
4330,Al Roker
4331,Benjamin Bratt
4332,Amber Heard
4333,Bernie Mac
4334,Anna Friel
4335,Anna Paquin
4336,Adam Sandler
4337,bella thorne
4338,Alan Rickman
4339,Bill Hader
4340,Anne Hathaway
4341,Amy Schumer
4342,Alex Pettyfer
4343,Benicio Del Toro
4344,Andy Garcia
4345,Ashton Kutcher
4346,Billy Bob Thornton
4347,Ashley Greene
4348,Akemi Darenogare
4349,Alex Pettyfer
4350,Bill Murray
4351,Betty White
4352,Aaron Judge
4353,Alex Pettyfer
4354,Ava Gardner
4355,Bill Hader
4356,Akemi Darenogare
4357,Ben Stiller
4358,Ava Gardner
4359,Adrien Brody
4360,Ben Stiller
4361,Alexandra Daddario
4362,Benedict Cumberbatch
4363,Billy Bob Thornton
4364,Amanda Crew
4365,Anderson Cooper
4366,Bill Murray
4367,Anna Faris
4368,Andy Samberg
4369,Anjelica Huston
4370,Bill Rancic
4371,Ashley Greene
4372,Bill Hader
4373,Amanda Bynes
4374,Alan Arkin
4375,Bill Rancic
4376,Alx James
4377,AnnaSophia Robb
4378,Amy Schumer
4379,Adele
4380,Alx James
4381,Anne Hathaway
4382,Alex Pettyfer
4383,Adriana Lima
4384,Alessandra Ambrosio
4385,Aaron Paul
4386,Andrew Lincoln
4387,Andy Samberg
4388,Anthony Hopkins
4389,Angelina Jolie
4390,Akemi Darenogare
4391,Bernie Mac
4392,Adrianne Palicki
4393,Al Pacino
4394,Abigail Breslin
4395,Anthony Hopkins
4396,Barbra Streisand
4397,Andy Murray
4398,Anthony Mackie
4399,Adrianne Palicki
4400,Barbra Streisand
4401,Alexis Thorpe
4402,Billy Bob Thornton
4403,Amanda Peet
4404,Betty White
4405,Alexandra Daddario
4406,Anthony Hopkins
4407,Aaron Judge
4408,Anderson Cooper
4409,Akemi Darenogare
4410,Amber Heard
4411,Ava Gardner
4412,Arnold Schwarzenegger
4413,Amy Adams
4414,Ashley Graham
4415,Adrien Brody
4416,Bette Midler
4417,Ali Larter
4418,Andie MacDowell
4419,Andrew Garfield
4420,Alex Pettyfer
4421,Ben Kingsley
4422,Bill Hader
4423,Ben Kingsley
4424,Andrew Garfield
4425,Anjelica Huston
4426,Amanda Bynes
4427,Barabara Palvin
4428,Andreea Diaconu
4429,Ben Stiller
4430,Audrey Hepburn
4431,Andy Garcia
4432,Angela Bassett
4433,Bill Daley
4434,Ben Stiller
4435,Andrew Garfield
4436,Ashton Kutcher
4437,Al Roker
4438,Billy Bob Thornton
4439,Anne Baxter
4440,Berenice Bejo
4441,Ashley Greene
4442,Berenice Bejo
4443,Andrew Garfield
4444,Akemi Darenogare
4445,Bill O Reilly
4446,Anthony Hopkins
4447,Ali Larter
4448,Ben Affleck
4449,Audrey Tautou
4450,Andy Samberg
4451,Bill O Reilly
4452,Anderson Cooper
4453,Abigail Breslin
4454,Ashley Judd
4455,Amanda Seyfried
4456,Ali Larter
4457,Berenice Bejo
4458,Adriana Lima
4459,Bette Midler
4460,Anna Friel
4461,Bette Midler
4462,Ben Johnson
4463,Andrew Lincoln
4464,Aaron Paul
4465,Alan Arkin
4466,Arnold Schwarzenegger
4467,Amanda Bynes
4468,Ashton Kutcher
4469,Al Roker
4470,Ashley Greene
4471,Al Pacino
4472,Andy Samberg
4473,Ashley Graham
4474,Bill Rancic
4475,Aaron Paul
4476,Andy Samberg
4477,Ben Foster
4478,Akemi Darenogare
4479,Bill Pullman
4480,Bill Hader
4481,Bernie Mac
4482,Andy Samberg
4483,Alan Rickman
4484,Arnold Schwarzenegger
4485,Barabara Palvin
4486,Andrew Luck
4487,bella thorne
4488,Andrew Lincoln
4489,Amanda Bynes
4490,Albert Finney
4491,Andy Garcia
4492,Andy Samberg
4493,Ashley Graham
4494,Ava Gardner
4495,Al Pacino
4496,Albert Finney
4497,Anne Bancroft
4498,Adele
4499,Adele
4500,Bill Hader
4501,Abigail Breslin
4502,Bill Hader
4503,Ben Kingsley
4504,Anjelica Huston
4505,Anne Hathaway
4506,Anna Faris
4507,Aaron Paul
4508,Andy Serkis
4509,Alicia Vikander
4510,Alicia Vikander
4511,Angelina Jolie
4512,Benedict Cumberbatch
4513,Anna Friel
4514,Ali Larter
4515,Ashley Graham
4516,Ben Affleck
4517,Albert Brooks
4518,Andie MacDowell
4519,Ben Johnson
4520,Ashley Judd
4521,Aaron Taylor-Johnson
4522,Ben Johnson
4523,Bette Midler
4524,Bill Daley
4525,Abigail Breslin
4526,Alx James
4527,Bella Hadid
4528,Adriana Lima
4529,Andy Garcia
4530,Adrien Brody
4531,Amanda Peet
4532,Beyonce Knowles
4533,Alessandra Ambrosio
4534,Aaron Taylor-Johnson
4535,Ben Kingsley
4536,Andrew Luck
4537,Ben Affleck
4538,Anthony Hopkins
4539,Anthony Mackie
4540,AnnaSophia Robb
4541,Akemi Darenogare
4542,Ashley Judd
4543,Andy Serkis
4544,Ashton Kutcher
4545,Alex Pettyfer
4546,Bette Midler
4547,Adele
4548,Andy Samberg
4549,bella thorne
4550,Audrey Tautou
4551,Abigail Breslin
4552,Amanda Peet
4553,Alexander Skarsgard
4554,Bill O Reilly
4555,Ben Foster
4556,Anne Baxter
4557,Bernie Mac
4558,Andrew Lincoln
4559,Ashton Kutcher
4560,Ashley Greene
4561,Ashley Greene
4562,Amanda Bynes
4563,Abigail Breslin
4564,Al Roker
4565,Anthony Perkins
4566,Angelina Jolie
4567,Ashton Kutcher
4568,Albert Finney
4569,Billy Bob Thornton
4570,Amy Ryan
4571,Alessandra Ambrosio
4572,Andrew Garfield
4573,Bernie Mac
4574,Andy Serkis
4575,Ashley Judd
4576,Analeigh Tipton
4577,Anjelica Huston
4578,Andy Serkis
4579,Anna Friel
4580,Andy Serkis
4581,Analeigh Tipton
4582,Barbra Streisand
4583,Berenice Bejo
4584,Adam Sandler
4585,Amy Adams
4586,Angelina Jolie
4587,Andy Serkis
4588,Ali Larter
4589,Ava Gardner
4590,Albert Finney
4591,Ben Johnson
4592,Alec Baldwin
4593,Betty White
4594,Amanda Seyfried
4595,Betty White
4596,Alx James
4597,Adele
4598,Ashton Kutcher
4599,Adam Sandler
4600,Alx James
4601,Aaron Paul
4602,Anjelica Huston
4603,Akemi Darenogare
4604,Bette Midler
4605,Adrien Brody
4606,Amanda Seyfried
4607,Andrew Lincoln
4608,Anjelica Huston
4609,Anthony Hopkins
4610,Adrien Brody
4611,Billy Bob Thornton
4612,Alicia Vikander
4613,Al Pacino
4614,Benedict Cumberbatch
4615,Bill Pullman
4616,Aaron Judge
4617,Ali Larter
4618,Akemi Darenogare
4619,Betty White
4620,Angela Bassett
4621,Aaron Judge
4622,Ashton Kutcher
4623,Anthony Mackie
4624,Audrey Tautou
4625,Aaron Paul
4626,Anna Sui
4627,Amanda Peet
4628,Alicia Vikander
4629,Benicio Del Toro
4630,Bill Pullman
4631,Andrew Garfield
4632,Ben Foster
4633,Amanda Seyfried
4634,Andy Garcia
4635,Anna Faris
4636,Art Carney
4637,Ashley Greene
4638,Ben Foster
4639,Anne Baxter
4640,Aaron Judge
4641,Amy Ryan
4642,Audrey Tautou
4643,Aaron Taylor-Johnson
4644,Anjelica Huston
4645,Ali Larter
4646,Betty White
4647,Antonio Banderas
4648,Aaron Taylor-Johnson
4649,Ashley Greene
4650,Andrew Lincoln
4651,Anna Sui
4652,Amanda Bynes
4653,Barabara Palvin
4654,Anthony Hopkins
4655,Bill Daley
4656,Alicia Vikander
4657,Berenice Bejo
4658,Ben Kingsley
4659,Amy Ryan
4660,Anjelica Huston
4661,Andie MacDowell
4662,Adrien Brody
4663,Amanda Seyfried
4664,Ava Gardner
4665,Andy Samberg
4666,Alice Eve
4667,Ashton Kutcher
4668,Aaron Taylor-Johnson
4669,Andrew Lincoln
4670,Alexis Thorpe
4671,Ali Larter
4672,Anna Friel
4673,Adrianne Palicki
4674,Alessandra Ambrosio
4675,Bill Daley
4676,Alex Pettyfer
4677,Benjamin Bratt
4678,Beyonce Knowles
4679,Ben Stiller
4680,Alexander Skarsgard
4681,Andreea Diaconu
4682,Amanda Seyfried
4683,Adriana Lima
4684,Ashley Greene
4685,Alan Rickman
4686,Bill Rancic
4687,Bella Hadid
4688,Arnold Schwarzenegger
4689,Antonio Banderas
4690,Adrianne Palicki
4691,Angelina Jolie
4692,Ashton Kutcher
4693,Anthony Hopkins
4694,Andy Murray
4695,Ashley Judd
4696,Alan Rickman
4697,Ben Kingsley
4698,Bill Daley
4699,Amy Schumer
4700,Bill Rancic
4701,Adrianne Palicki
4702,Amanda Crew
4703,Ashley Judd
4704,Anne Bancroft
4705,bella thorne
4706,Adriana Lima
4707,Antonio Banderas
4708,Anna Paquin
4709,Audrey Hepburn
4710,Betty White
4711,Abigail Breslin
4712,Alex Pettyfer
4713,Al Roker
4714,AnnaSophia Robb
4715,Analeigh Tipton
4716,Betty White
4717,Andie MacDowell
4718,Ashley Judd
4719,Ali Larter
4720,Betty White
4721,Analeigh Tipton
4722,Bill Rancic
4723,Anthony Hopkins
4724,Berenice Bejo
4725,Analeigh Tipton
4726,Albert Brooks
4727,Benjamin Bratt
4728,Armin Mueller-Stahl
4729,Andrew Luck
4730,Benedict Cumberbatch
4731,Berenice Bejo
4732,AnnaSophia Robb
4733,Anna Friel
4734,Barry Pepper
4735,Anne Baxter
4736,Ben Affleck
4737,Adriana Lima
4738,Benjamin Bratt
4739,Analeigh Tipton
4740,Anne Hathaway
4741,Aaron Judge
4742,Alan Arkin
4743,Annette Bening
4744,Amy Adams
4745,Arnold Schwarzenegger
4746,Bernie Mac
4747,Anthony Hopkins
4748,Andrew Lincoln
4749,bella thorne
4750,Andie MacDowell
4751,Bernie Mac
4752,Alan Alda
4753,Abigail Breslin
4754,Alx James
4755,Bill Pullman
4756,Bill Paxton
4757,Bill Paxton
4758,Anne Baxter
4759,Bella Hadid
4760,Alex Pettyfer
4761,Barbra Streisand
4762,Armin Mueller-Stahl
4763,Andreea Diaconu
4764,Abigail Breslin
4765,Anne Hathaway
4766,Ben Stiller
4767,Ashley Graham
4768,Anna Friel
4769,Angela Bassett
4770,Adrien Brody
4771,Benicio Del Toro
4772,Adrien Brody
4773,Anna Paquin
4774,Adrianne Palicki
4775,Betty White
4776,Akemi Darenogare
4777,Ashton Kutcher
4778,Al Roker
4779,Arnold Schwarzenegger
4780,Amy Adams
4781,Adele
4782,Adriana Barraza
4783,Albert Finney
4784,Ben Foster
4785,Ali Larter
4786,Ashley Greene
4787,Amy Ryan
4788,Alan Rickman
4789,Amber Heard
4790,Adrien Brody
4791,Ashley Graham
4792,Alicia Vikander
4793,Barry Pepper
4794,Antonio Banderas
4795,Andy Serkis
4796,Benedict Cumberbatch
4797,Aaron Judge
4798,Alex Pettyfer
4799,Alessandra Ambrosio
4800,Andie MacDowell
4801,Ashton Kutcher
4802,Arnold Schwarzenegger
4803,Ava Gardner
4804,Amy Schumer
4805,Andy Murray
4806,Ashley Greene
4807,Alan Arkin
4808,AnnaSophia Robb
4809,Audrey Tautou
4810,Andrew Luck
4811,Anna Faris
4812,Bill Hader
4813,Anne Baxter
4814,bella thorne
4815,Angela Bassett
4816,Adriana Lima
4817,Bella Hadid
4818,Andy Samberg
4819,Alicia Vikander
4820,Alec Baldwin
4821,Anna Friel
4822,Ali Larter
4823,Andy Murray
4824,Antonio Banderas
4825,Aaron Paul
4826,Audrey Hepburn
4827,Ben Stiller
4828,Ben Stiller
4829,Alec Baldwin
4830,Albert Finney
4831,Adam Sandler
4832,Alexandra Daddario
4833,Anna Paquin
4834,Akemi Darenogare
4835,Ashley Judd
4836,Bill Murray
4837,Antonio Banderas
4838,Adrien Brody
4839,Anna Friel
4840,Aaron Paul
4841,Anne Baxter
4842,Bill Pullman
4843,Ben Foster
4844,Ben Kingsley
4845,Bernie Mac
4846,Anna Friel
4847,Andy Murray
4848,Aaron Judge
4849,Alx James
4850,Alan Arkin
4851,Armin Mueller-Stahl
4852,Al Pacino
4853,Alan Rickman
4854,Ashley Graham
4855,Betty White
4856,Alexandra Daddario
4857,Al Pacino
4858,Bill Hader
4859,Amber Heard
4860,Alexander Skarsgard
4861,Ben Foster
4862,Akemi Darenogare
4863,Barbra Streisand
4864,Ben Stiller
4865,Bill Paxton
4866,Anna Paquin
4867,Andie MacDowell
4868,Andy Serkis
4869,Anne Baxter
4870,Andrew Lincoln
4871,Adam Sandler
4872,Ashton Kutcher
4873,Angelina Jolie
4874,Adele
4875,Alicia Vikander
4876,Adriana Lima
4877,Ashton Kutcher
4878,Benedict Cumberbatch
4879,Armin Mueller-Stahl
4880,Anthony Hopkins
4881,Alicia Vikander
4882,Aaron Paul
4883,Andy Serkis
4884,bella thorne
4885,Andrew Lincoln
4886,Amanda Crew
4887,Alexis Thorpe
4888,Anthony Mackie
4889,Alessandra Ambrosio
4890,Amy Ryan
4891,Ben Johnson
4892,Antonio Banderas
4893,Andy Garcia
4894,Anna Paquin
4895,Bill Rancic
4896,Amanda Bynes
4897,Akemi Darenogare
4898,Adriana Barraza
4899,Anthony Mackie
4900,Benedict Cumberbatch
4901,Audrey Hepburn
4902,AnnaSophia Robb
4903,AnnaSophia Robb
4904,Al Pacino
4905,Anthony Mackie
4906,Bill Rancic
4907,Bella Hadid
4908,Al Roker
4909,Amy Ryan
4910,Audrey Hepburn
4911,Andrew Luck
4912,Ashley Judd
4913,Ashley Greene
4914,Ben Affleck
4915,Ashton Kutcher
4916,Amy Schumer
4917,Andy Serkis
4918,Ben Johnson
4919,Alessandra Ambrosio
4920,Betty White
4921,Amy Ryan
4922,Alicia Vikander
4923,Bill Murray
4924,Art Carney
4925,Anne Bancroft
4926,Andy Serkis
4927,Audrey Hepburn
4928,Bill Daley
4929,Bill Pullman
4930,Andy Murray
4931,Anna Sui
4932,Ben Affleck
4933,Angela Bassett
4934,Andrew Luck
4935,Bill Pullman
4936,Bill Daley
4937,Aaron Judge
4938,Anna Faris
4939,Al Roker
4940,Ashton Kutcher
4941,Alice Eve
4942,Anne Baxter
4943,Ashley Graham
4944,Ben Stiller
4945,Ashley Judd
4946,Angela Bassett
4947,Aaron Paul
4948,Andrew Garfield
4949,Alessandra Ambrosio
4950,Barry Pepper
4951,Bill Daley
4952,Anna Faris
4953,Antonio Banderas
4954,Anjelica Huston
4955,Albert Finney
4956,Antonio Banderas
4957,Bill Paxton
4958,Bill Murray
4959,Amanda Bynes
4960,Anjelica Huston
4961,Beyonce Knowles
4962,Alec Baldwin
4963,Al Pacino
4964,Anne Bancroft
4965,Andy Garcia
4966,Andrew Lincoln
4967,Art Carney
4968,Andy Samberg
4969,Bill Pullman
4970,Analeigh Tipton
4971,Alice Eve
4972,Anna Friel
4973,Amy Ryan
4974,Bill Hader
4975,Amanda Crew
4976,Amber Heard
